gene	locus_tag	start	end	strand	product
thrL	b0001	189	255	1	thr operon leader peptide
thrA	b0002	336	2799	1	fused aspartate kinase/homoserine dehydrogenase 1
thrB	b0003	2800	3733	1	homoserine kinase
thrC	b0004	3733	5020	1	threonine synthase
yaaX	b0005	5233	5530	1	DUF2502 domain-containing protein YaaX
yaaA	b0006	5682	6459	-1	DNA binding and peroxide stress response protein YaaA
yaaJ	b0007	6528	7959	-1	putative transporter YaaJ
talB	b0008	8237	9191	1	transaldolase B
mog	b0009	9305	9893	1	molybdopterin adenylyltransferase
satP	b0010	9927	10494	-1	acetate/succinate:H(+) symporter
yaaW	b0011	10642	11356	-1	putative enzyme-specific chaperone YaaW
mbiA	b0012	10829	11315	1	uncharacterized protein MbiA
yaaI	b0013	11381	11786	-1	DUF2541 domain-containing protein YaaI
dnaK	b0014	12162	14079	1	chaperone protein DnaK
dnaJ	b0015	14167	15298	1	chaperone protein DnaJ
insL1	b0016	15444	16557	1	IS186/IS421 family transposase
mokC	b0018	16750	16960	-1	regulatory protein MokC
hokC	b4412	16750	16903	-1	small toxic polypeptide HokC
nhaA	b0019	17488	18655	1	Na(+):H(+) antiporter NhaA
nhaR	b0020	18714	19620	1	DNA-binding transcriptional activator NhaR
insB1	b0021	19810	20314	-1	IS1 family protein InsB
insA1	b0022	20232	20508	-1	IS1 family protein InsA
rpsT	b0023	20814	21078	-1	30S ribosomal subunit protein S20
yaaY	b0024	21180	21399	1	DUF2575 domain-containing protein YaaY
ribF	b0025	21406	22348	1	bifunctional riboflavin kinase/FMN adenylyltransferase
ileS	b0026	22390	25207	1	isoleucine--tRNA ligase
lspA	b0027	25206	25701	1	lipoprotein signal peptidase
fkpB	b0028	25825	26275	1	peptidyl-prolyl cis-trans isomerase FkpB
ispH	b0029	26276	27227	1	4-hydroxy-3-methylbut-2-enyl diphosphate reductase
rihC	b0030	27292	28207	1	ribonucleoside hydrolase RihC
dapB	b0031	28373	29195	1	4-hydroxy-tetrahydrodipicolinate reductase
carA	b0032	29650	30799	1	carbamoyl-phosphate synthetase small subunit
carB	b0033	30816	34038	1	carbamoyl-phosphate synthetase large subunit
caiF	b0034	34299	34695	1	DNA-binding transcriptional activator CaiF
caiE	b0035	34780	35371	-1	putative transferase CaiE
caiD	b0036	35376	36162	-1	crotonobetainyl-CoA hydratase
caiC	b0037	36270	37824	-1	carnitine--CoA ligase
caiB	b0038	37897	39115	-1	gamma-butyrobetainyl-CoA:carnitine CoA transferase
caiA	b0039	39243	40386	-1	crotonobetainyl-CoA reductase
caiT	b0040	40416	41931	-1	L-carnitine:gamma-butyrobetaine antiporter
fixA	b0041	42402	43173	1	putative electron transfer flavoprotein FixA
fixB	b0042	43187	44129	1	putative electron transfer flavoprotein FixB
fixC	b0043	44179	45466	1	putative oxidoreductase FixC
fixX	b0044	45462	45750	1	putative ferredoxin FixX
yaaU	b0045	45806	47138	1	putative transporter YaaU
kefF	b0046	47245	47776	1	regulator of KefC-mediated potassium transport and quinone oxidoreductase
kefC	b0047	47768	49631	1	K(+) : H(+) antiporter KefC
folA	b0048	49822	50302	1	dihydrofolate reductase
apaH	b0049	50379	51222	-1	diadenosine tetraphosphatase
apaG	b0050	51228	51606	-1	DUF525 domain-containing protein ApaG
rsmA	b0051	51608	52430	-1	16S rRNA (A(1518)/A(1519))-N(6)-dimethyltransferase
pdxA	b0052	52426	53416	-1	4-hydroxythreonine-4-phosphate dehydrogenase
surA	b0053	53415	54702	-1	chaperone SurA
lptD	b0054	54754	57109	-1	lipopolysaccharide assembly protein LptD
djlA	b0055	57363	58179	1	co-chaperone protein DjlA
yabP	b0056	58473	59124	1	putative uncharacterized protein YabP
yabQ	b0057	59120	59279	1	protein YabQ
rluA	b0058	59686	60346	-1	23S rRNA pseudouridine(746) and tRNA pseudouridine(32) synthase
rapA	b0059	60357	63264	-1	RNA polymerase-binding ATPase and RNAP recycling factor
polB	b0060	63428	65780	-1	DNA polymerase II
araD	b0061	65854	66550	-1	L-ribulose-5-phosphate 4-epimerase AraD
araA	b0062	66834	68337	-1	L-arabinose isomerase
araB	b0063	68347	70048	-1	ribulokinase
araC	b0064	70386	71265	1	DNA-binding transcriptional dual regulator AraC
yabI	b0065	71350	72115	1	DedA family protein YabI
thiQ	b0066	72228	72927	-1	thiamine ABC transporter ATP binding subunit
thiP	b0067	72910	74521	-1	thiamine ABC transporter membrane subunit
thiB	b0068	74496	75480	-1	thiamine ABC transporter periplasmic binding protein
sgrR	b0069	75643	77299	-1	DNA-binding transcriptional dual regulator SgrR
sgrT	b4662	77387	77519	1	PtsG glucose transporter inhibitor
setA	b0070	77620	78799	1	sugar exporter SetA
leuD	b0071	78847	79453	-1	3-isopropylmalate dehydratase subunit LeuD
leuC	b0072	79463	80864	-1	3-isopropylmalate dehydratase subunit LeuC
leuB	b0073	80866	81958	-1	3-isopropylmalate dehydrogenase
leuA	b0074	81957	83529	-1	2-isopropylmalate synthase
leuL	b0075	83621	83708	-1	leu operon leader peptide
leuO	b0076	84367	85312	1	DNA-binding transcriptional dual regulator LeuO
yabR	b4726	85466	85511	-1	protein YabR
ilvI	b0077	85629	87354	1	acetolactate synthase/acetohydroxybutanoate synthase, catalytic subunit
ilvH	b0078	87356	87848	1	acetolactate synthase/acetohydroxybutanoate synthase, regulatory subunit
cra	b0080	88027	89032	1	DNA-binding transcriptional regulator Cra
mraZ	b0081	89633	90092	1	DNA-binding transcriptional repressor MraZ
rsmH	b0082	90093	91035	1	16S rRNA m(4)C1402 methyltransferase
ftsL	b0083	91031	91397	1	cell division protein FtsL
ftsI	b0084	91412	93179	1	peptidoglycan DD-transpeptidase FtsI
murE	b0085	93165	94653	1	UDP-N-acetylmuramoyl-L-alanyl-D-glutamate--2, 6-diaminopimelate ligase
murF	b0086	94649	96008	1	UDP-N-acetylmuramoyl-tripeptide--D-alanyl-D- alanine ligase
mraY	b0087	96001	97084	1	phospho-N-acetylmuramoyl-pentapeptide- transferase
murD	b0088	97086	98403	1	UDP-N-acetylmuramoyl-L-alanine--D-glutamate ligase
ftsW	b0089	98402	99647	1	peptidoglycan glycosyltransferase FtsW
murG	b0090	99643	100711	1	N-acetylglucosaminyl transferase
murC	b0091	100764	102240	1	UDP-N-acetylmuramate--L-alanine ligase
ddlB	b0092	102232	103153	1	D-alanine--D-alanine ligase B
ftsQ	b0093	103154	103985	1	cell division protein FtsQ
ftsA	b0094	103981	105244	1	cell division protein FtsA
ftsZ	b0095	105304	106456	1	cell division protein FtsZ
lpxC	b0096	106556	107474	1	UDP-3-O-acyl-N-acetylglucosamine deacetylase
secM	b0097	107704	108217	1	SecA translation regulator
secA	b0098	108278	110984	1	protein translocation ATPase
mutT	b0099	111043	111433	1	8-oxo-dGTP diphosphatase
yacG	b0101	111648	111846	-1	DNA gyrase inhibitor YacG
zapD	b0102	111855	112599	-1	cell division factor ZapD
coaE	b0103	112598	113219	-1	dephospho-CoA kinase
yacM	b4727	113243	113288	1	protein YacM
guaC	b0104	113443	114487	1	GMP reductase
hofC	b0106	114521	115724	-1	inner membrane protein HofC
hofB	b0107	115713	117099	-1	T2SSE family protein
ppdD	b0108	117108	117549	-1	prepilin-type N-terminal cleavage/methylation domain-containing protein PpdD
nadC	b0109	117751	118645	-1	quinolinate phosphoribosyltransferase (decarboxylating)
ampD	b0110	118732	119284	1	1,6-anhydro-N-acetylmuramoyl-L-alanine amidase
ampE	b0111	119280	120135	1	protein AmpE
aroP	b0112	120177	121551	-1	aromatic amino acid:H(+) symporter AroP
pdhR	b0113	122091	122856	1	DNA-binding transcriptional dual regulator PdhR
aceE	b0114	123016	125680	1	pyruvate dehydrogenase E1 component
aceF	b0115	125694	127587	1	pyruvate dehydrogenase E2 subunit
lpd	b0116	127911	129336	1	lipoamide dehydrogenase
yacH	b0117	129406	131260	-1	DUF3300 domain-containing protein YacH
acnB	b0118	131614	134212	1	AcnB
yacL	b0119	134387	134750	1	PF06062 family protein YacL
speD	b0120	134787	135582	-1	S-adenosylmethionine decarboxylase proenzyme
speE	b0121	135597	136464	-1	spermidine synthase
yacC	b0122	136569	136917	-1	putative lipoprotein YacC
cueO	b0123	137082	138633	1	multicopper oxidase CueO
gcd	b0124	138834	141225	-1	quinoprotein glucose dehydrogenase
hpt	b0125	141430	141967	1	hypoxanthine phosphoribosyltransferase
can	b0126	142007	142670	-1	carbonic anhydrase 2
yadG	b0127	142778	143705	1	putative ABC transporter ATP-binding protein YadG
yadH	b0128	143701	144472	1	putative ABC transporter membrane subunit YadH
yadI	b0129	144576	145017	1	putative PTS enzyme IIA component YadI
yadE	b0130	145080	146310	1	putative polysaccharide deacetylase lipoprotein YadE
panD	b0131	146313	146694	-1	aspartate 1-decarboxylase proenzyme
rpnC	b0132	146967	147870	1	recombination-promoting nuclease RpnC
panC	b0133	147943	148795	-1	pantothenate synthetase
panB	b0134	148806	149601	-1	3-methyl-2-oxobutanoate hydroxymethyltransferase
yadC	b0135	149714	150953	-1	fimbrial tip-adhesin YadC
yadK	b0136	151002	151599	-1	putative fimbrial protein YadK
yadL	b0137	151625	152231	-1	putative fimbrial protein YadL
yadM	b0138	152242	152812	-1	putative fimbrial protein YadM
htrE	b0139	152828	155426	-1	putative fimbrial usher protein HtrE
yadV	b0140	155460	156201	-1	putative fimbrial chaperone YadV
yadN	b0141	156298	156883	-1	putative fimbrial protein YadN
folK	b0142	157252	157732	-1	2-amino-4-hydroxy-6- hydroxymethyldihydropteridine diphosphokinase
pcnB	b0143	157728	159126	-1	poly(A) polymerase I
gluQ	b0144	159185	160112	-1	glutamyl-Q tRNA(Asp) synthetase
dksA	b0145	160148	160604	-1	RNA polymerase-binding transcription factor DksA
sfsA	b0146	160781	161486	-1	sugar fermentation stimulation protein A
thpR	b0147	161500	162031	-1	RNA 2',3'-cyclic phosphodiesterase
hrpB	b0148	162104	164534	1	RNA-dependent NTPase HrpB
mrcB	b0149	164729	167264	1	peptidoglycan glycosyltransferase/peptidoglycan DD-transpeptidase MrcB
mrcB	b0149	164864	167264	1	PBP-1Bgamma
fhuA	b0150	167483	169727	1	ferrichrome outer membrane transporter/phage receptor
fhuC	b0151	169777	170575	1	Fe(3(+)) hydroxamate ABC transporter ATP binding subunit
fhuD	b0152	170574	171465	1	Fe(3(+)) hydroxamate ABC transporter periplasmic binding protein
fhuB	b0153	171461	173444	1	Fe(3(+)) hydroxamate ABC transporter membrane subunit
hemL	b0154	173601	174882	-1	glutamate-1-semialdehyde 2,1-aminomutase
yadX	b4765	175047	175095	1	protein YadX
clcA	b0155	175106	176528	1	chloride:H(+) antiporter ClcA
yadW	b4728	176551	176617	1	protein YadW
erpA	b0156	176609	176954	1	iron-sulfur cluster insertion protein ErpA
yadS	b0157	177000	177624	-1	PF03458 family protein YadS
btuF	b0158	177661	178462	-1	vitamin B12 ABC transporter periplasmic binding protein
mtn	b0159	178454	179153	-1	5'-methylthioadenosine/S-adenosylhomocysteine nucleosidase
dgt	b0160	179236	180754	1	dGTP triphosphohydrolase
degP	b0161	180883	182308	1	periplasmic serine endoprotease DegP
cdaR	b0162	182462	183620	1	DNA-binding transcriptional activator CdaR
yaeH	b0163	183708	184095	-1	DUF3461 domain-containing protein YaeH
yaeI	b0164	184256	185069	-1	phosphodiesterase YaeI
dapD	b0166	185122	185947	-1	tetrahydrodipicolinate succinylase
glnD	b0167	185977	188650	-1	protein-PII uridylyltransferase/uridylyl-removing enzyme
map	b0168	188711	189506	-1	methionine aminopeptidase
rpsB	b0169	189873	190599	1	30S ribosomal subunit protein S2
tsf	b0170	190856	191708	1	protein chain elongation factor EF-Ts
pyrH	b0171	191854	192580	1	UMP kinase
frr	b0172	192871	193429	1	ribosome-recycling factor
dxr	b0173	193520	194717	1	1-deoxy-D-xylulose 5-phosphate reductoisomerase
ispU	b0174	194902	195664	1	ditrans,polycis-undecaprenyl-diphosphate synthase [(2E,6E)-farnesyl-diphosphate specific]
cdsA	b0175	195676	196534	1	CDP-diglyceride synthetase
rseP	b0176	196545	197898	1	intramembrane zinc metalloprotease RseP
bamA	b0177	197927	200360	1	outer membrane protein assembly factor BamA
skp	b0178	200481	200967	1	periplasmic chaperone Skp
lpxD	b0179	200970	201996	1	UDP-3-O-(3-hydroxymyristoyl)glucosamine N-acyltransferase
fabZ	b0180	202100	202556	1	3-hydroxy-acyl-[acyl-carrier-protein] dehydratase
lpxA	b0181	202559	203348	1	acyl-[acyl-carrier-protein]--UDP-N- acetylglucosamine O-acyltransferase
lpxB	b0182	203347	204496	1	lipid A disaccharide synthase
rnhB	b0183	204492	205089	1	RNase HII
dnaE	b0184	205125	208608	1	DNA polymerase III subunit alpha
accA	b0185	208620	209580	1	acetyl-CoA carboxyltransferase subunit alpha
ldcC	b0186	209678	211820	1	lysine decarboxylase 2
yaeR	b0187	211876	212266	1	VOC domain-containing protein YaeR
tilS	b0188	212330	213629	1	tRNA(Ile)-lysidine synthetase
rof	b0189	213677	213932	-1	modulator of Rho-dependent transcription termination
yaeP	b4406	213924	214125	-1	PF06786 family protein YaeP
yaeQ	b0190	214290	214836	1	uncharacterized protein YaeQ
arfB	b0191	214832	215255	1	peptidyl-tRNA hydrolase, ribosome rescue factor
nlpE	b0192	215268	215979	1	sensor lipoprotein NlpE
yaeF	b0193	216178	217003	-1	peptidase C92 family protein YaeF
proS	b0194	217056	218775	-1	proline--tRNA ligase
trmO	b0195	218886	219594	-1	tRNA m(6)t(6)A37 methyltransferase
rcsF	b0196	219590	219995	-1	sensor lipoprotein RcsF
metQ	b0197	220112	220928	-1	L-methionine/D-methionine ABC transporter membrane anchored binding protein
metI	b0198	220967	221621	-1	L-methionine/D-methionine ABC transporter membrane subunit
metN	b0199	221613	222645	-1	L-methionine/D-methionine ABC transporter ATP binding subunit
gmhB	b0200	222832	223408	1	D-glycero-beta-D-manno-heptose-1,7-bisphosphate 7-phosphatase
dkgB	b0207	229166	229970	1	methylglyoxal reductase DkgB
yafC	b0208	229966	230881	-1	DNA-binding transcriptional regulator YafC
yafD	b0209	231121	231922	1	endonuclease/exonuclease/phosphatase domain-containing protein YafD
yafE	b0210	231925	232549	1	putative S-adenosylmethionine-dependent methyltransferase
mltD	b0211	232596	233955	-1	membrane-bound lytic murein transglycosylase D
gloB	b0212	234026	234782	-1	hydroxyacylglutathione hydrolase GloB
ykfO	b4815	234287	234320	1	protein YkfO
yafS	b0213	234815	235538	1	putative S-adenosyl-L-methionine-dependent methyltransferase
rnhA	b0214	235534	236002	-1	ribonuclease HI
dnaQ	b0215	236066	236798	1	DNA polymerase III subunit epsilon
yafT	b0217	237334	238120	1	lipoprotein YafT
ykfM	b4586	238256	238736	-1	uncharacterized protein YkfM
yafV	b0219	239418	240189	-1	2-oxoglutaramate amidase
ivy	b0220	240342	240816	1	periplasmic chaperone, inhibitor of vertebrate C-type lysozyme
fadE	b0221	240858	243303	-1	acyl-CoA dehydrogenase
gmhA	b0222	243542	244121	1	D-sedoheptulose 7-phosphate isomerase
yafJ	b0223	244326	245094	1	putative glutamine amidotransferase YafJ
dpaA	b0224	245064	245805	-1	peptidoglycan meso-diaminopimelic acid protein amidase A
yafQ	b0225	245960	246239	-1	ribosome-dependent mRNA interferase toxin YafQ
dinJ	b0226	246241	246502	-1	antitoxin/DNA-binding transcriptional repressor DinJ
yafL	b0227	246711	247461	1	NlpC/P60 family protein YafL
rayT	b0228	247636	248134	1	REP-associated tyrosine transposase
dinB	b0231	250897	251953	1	DNA polymerase IV
yafN	b0232	252004	252298	1	antitoxin YafN
yafO	b0233	252300	252699	1	ribosome-dependent mRNA interferase toxin YafO
yafP	b0234	252708	253161	1	putative N-acetyltransferase YafP
pepD	b0237	254258	255716	-1	peptidase D
gpt	b0238	255976	256435	1	xanthine-guanine phsophoribosyltransferase
frsA	b0239	256526	257771	1	fermentation-respiration switch protein
crl	b0240	257828	259006	1	RNA polymerase holoenzyme assembly factor Crl
insB9	b4710	257922	258426	-1	IS1 transposase B
insA9	b4709	258344	258620	-1	IS1 repressor TnpA
phoE	b0241	259044	260100	-1	outer membrane porin PhoE
proB	b0242	260387	261491	1	glutamate 5-kinase
proA	b0243	261502	262756	1	glutamate-5-semialdehyde dehydrogenase
ykfI	b0245	263327	263669	-1	toxin of the YkfI-YafW toxin-antitoxin system
yafW	b0246	263689	264007	-1	antitoxin of the YkfI-YafW toxin-antitoxin pair
ykfH	b4504	264025	264247	-1	DUF987 domain-containing protein YkfH
ykfG	b0247	264255	264732	-1	RadC-like JAB domain-containing protein YkfG
yafX	b0248	264747	265206	-1	protein YafX
ykfF	b0249	265303	265543	-1	protein YkfF
ykfB	b0250	265619	266087	-1	protein YkfB
yafY	b0251	266109	266553	-1	inner membrane lipoprotein YafY
yafZ	b0252	267183	268005	-1	DUF932 domain-containing protein YafZ
ykfA	b0253	268096	268960	-1	putative GTP-binding protein YkfA
perR	b0254	269288	270182	-1	putative transcriptional regulator PerR
insN	b4587	270277	272190	1	CP4-6 prophage; IS911A regulator fragment
insI1	b0256	270602	271754	1	IS30 transposase
ykfC	b0258	272846	273992	1	PF00078 domain-containing protein YkfC
insH1	b0259	274100	275081	-1	IS5 transposase and trans-activator
mmuP	b0260	275324	276728	1	S-methyl-L-methionine transporter
mmuM	b0261	276714	277647	1	homocysteine S-methyltransferase
afuC	b0262	277755	278802	-1	ABC transporter ATP-binding protein AfuC
insB2	b0264	279177	279681	-1	IS1 protein InsB
insA2	b0265	279599	279875	-1	IS1 protein InsA
yagB	b0266	280384	280735	-1	orphan antitoxin YagB
yagA	b0267	280828	281983	-1	integrase core domain-containing protein YagA
yagE	b0268	282277	283186	1	2-dehydro-3-deoxygluconate aldolase
yagF	b0269	283200	285168	1	D-xylonate dehydratase
yagG	b0270	285394	286777	1	putative D-xylonate transporter YagG
yagH	b0271	286788	288399	1	putative xylosidase/arabinosidase
xynR	b0272	288403	289162	-1	DNA-binding transcriptional repressor XynR
argF	b0273	289300	290305	-1	ornithine carbamoyltransferase ArgF
argL	b4766	290274	290370	-1	putative translational regulatory protein ArgL
ykgS	b4688	290509	290638	1	protein YkgS
insB3	b0274	290648	291152	-1	IS1 protein InsB
insA3	b0275	291070	291346	-1	IS1 protein InsA
yagJ	b0276	291499	292231	1	protein YagJ
yagK	b0277	292321	292948	-1	uncharacterized protein YagK
yagL	b0278	293219	293918	-1	resolvase-like catalytic domain-containing protein YagL
yagM	b0279	293944	294799	-1	protein YagM
ykgV	b4729	294917	295142	-1	protein YkgV
yagN	b0280	295138	295579	-1	protein YagN
intF	b0281	295695	297096	-1	putative phage integrase
yagP	b0282	297380	297791	-1	putative LysR family substrate binding domain-containing protein YagP
paoD	b0283	297769	298726	-1	molybdenum cofactor insertion chaperone PaoD
paoC	b0284	298735	300934	-1	aldehyde dehydrogenase, molybdenum cofactor-binding subunit
paoB	b0285	300930	301887	-1	aldehyde dehydrogenase, FAD-binding Fe-S subunit
paoA	b0286	301883	302573	-1	aldehyde dehydrogenase, Fe-S subunit
yagU	b0287	302990	303605	1	DUF1440 domain-containing inner membrane protein YagU
ykgJ	b0288	303852	304182	-1	putative metal-chelating domain-containing protein YkgJ
ecpE	b0289	304494	305205	-1	putative fimbrial chaperone EcpE
ecpD	b0290	305173	306817	-1	fimbrial adhesin EcpD
ecpC	b0291	306806	309332	-1	putative fimbrial usher protein EcpC
ecpB	b0292	309357	310026	-1	putative fimbrial chaperone EcpB
ecpA	b0293	310083	310671	-1	common pilus major subunit
matA	b0294	310745	311336	-1	DNA-binding transcriptional dual regulator MatA
ykgL	b0295	312111	312339	1	uncharacterized protein YkgL
ykgO	b4506	312373	312514	-1	50S ribosomal subunit protein L36B
ykgM	b0296	312513	312777	-1	50S ribosomal subunit protein L31B
ykgR	b4671	313140	313242	-1	putative membrane protein YkgR
insE1	b0298	315290	315590	1	IS3 element protein InsE
insF1	b0299	315586	316453	1	IS3 element protein InsF
rclC	b0301	317725	318319	-1	DUF417 domain-containing inner membrane protein RclC
rclB	b0303	318330	318567	-1	hypochlorite stress response protein RclB
rclA	b0304	318675	320001	-1	cupric reductase RclA
rclR	b0305	320226	321081	1	DNA-binding transcriptional activator RclR
ykgE	b0306	321607	322327	1	putative lactate utilization oxidoreductase YkgE
ykgF	b0307	322337	323765	1	putative amino acid dehydrogenase with NAD(P)-binding domain and ferridoxin-like domain
ykgG	b0308	323757	324453	1	DUF162 domain-containing lactate utilization protein YkgG
ykgH	b0310	324695	325364	-1	uncharacterized protein YkgH
betA	b0311	325576	327247	-1	choline dehydrogenase
betB	b0312	327260	328733	-1	betaine aldehyde dehydrogenase
betI	b0313	328746	329334	-1	DNA-binding transcriptional repressor BetI
betT	b0314	329462	331496	1	choline:H(+) symporter
yahV	b4730	331801	331876	1	protein YahV
pdeL	b0315	332370	333459	1	DNA-binding transcriptional regulator/c-di-GMP phosphodiesterase PdeL
yahB	b0316	333500	334433	-1	putative LysR-type DNA-binding transcriptional regulator YahB
yahC	b0317	334524	335022	-1	uncharacterized protein YahC
yahD	b0318	335279	335885	1	ankyrin repeat-containing protein YahD
yahE	b0319	335924	336788	1	DUF2877 domain-containing protein YahE
yahF	b0320	336777	338325	1	putative acyl-CoA synthetase YahF
yahG	b0321	338324	339743	1	DUF1116 domain-containing protein YahG
yahH	b0322	339768	340089	1	putative uncharacterized protein YahH
yahI	b0323	340164	341115	1	carbamate kinase-like protein YahI
yahJ	b0324	341124	342507	1	amidohydrolase family protein YahJ
yahK	b0325	342883	343933	1	aldehyde reductase, NADPH-dependent
yahL	b0326	344175	344991	1	uncharacterized protein YahL
xtpA	b4845	345251	345434	1	putative transcriptional regulator XtpA
yahM	b0327	345403	345649	1	uncharacterized protein YahM
yahN	b0328	345665	346337	-1	putative amino acid exporter YahN
yahO	b0329	346483	346759	1	DUF1471 domain-containing protein YahO
prpR	b0330	346856	348443	-1	DNA-binding transcriptional dual regulator PrpR
prpB	b0331	348681	349572	1	2-methylisocitrate lyase
prpC	b0333	350011	351181	1	2-methylcitrate synthase
prpD	b0334	351214	352666	1	2-methylcitrate dehydratase
prpE	b0335	352705	354592	1	propionyl-CoA synthetase
codB	b0336	354921	356181	1	cytosine transporter
codA	b0337	356170	357454	1	cytosine/isoguanine deaminase
cynR	b0338	357790	358690	-1	DNA-binding transcriptional dual regulator CynR
cynT	b0339	358798	359458	1	carbonic anhydrase 1
cynS	b0340	359488	359959	1	cyanase
cynX	b0341	359991	361146	1	cyanate transporter
lacA	b0342	361248	361860	-1	galactoside O-acetyltransferase
lacY	b0343	361925	363179	-1	lactose permease
lacZ	b0344	363230	366305	-1	beta-galactosidase
lacI	b0345	366427	367510	-1	DNA-binding transcriptional repressor LacI
mhpR	b0346	367586	368420	-1	DNA-binding transcriptional activator MhpR
mhpA	b0347	368610	370275	1	3-(3-hydroxyphenyl)propanoate hydroxylase
mhpB	b0348	370276	371221	1	3-carboxyethylcatechol 2,3-dioxygenase
mhpC	b0349	371238	372105	1	2-hydroxy-6-ketonona-2,4-dienedioate hydrolase
mhpD	b0350	372114	372924	1	2-hydroxypentadienoate hydratase
mhpF	b0351	372920	373871	1	acetaldehyde dehydrogenase (acetylating) MhpF
mhpE	b0352	373867	374881	1	4-hydroxy-2-oxovalerate aldolase
mhpT	b0353	375458	376670	1	3-hydroxyphenylpropionate/3- hydroxycinnamate:H(+) symporter
yaiL	b0354	376771	377311	1	DUF2058 domain-containing protein YaiL
frmB	b0355	377534	378368	-1	S-formylglutathione hydrolase FrmB
frmA	b0356	378461	379571	-1	S-(hydroxymethyl)glutathione dehydrogenase
frmR	b0357	379605	379881	-1	DNA-binding transcriptional repressor FrmR
yaiO	b0358	380068	380842	-1	outer membrane protein YaiO
yaiX	b4579	380843	382872	-1	putative acyltransferase, N-terminal fragment
insC1	b0360	381350	381716	1	IS2 element protein InsA
insD1	b0361	381673	382579	1	IS2 element protein
yaiP	b0363	382738	383935	-1	putative glucosyltransferase
ykiC	b4731	383959	384079	1	protein YkiC
yaiS	b0364	384058	384616	-1	putative deacetylase YaiS
tauA	b0365	385231	386194	1	taurine ABC transporter periplasmic binding protein
tauB	b0366	386206	386974	1	taurine ABC transporter ATP binding subunit
tauC	b0367	386970	387798	1	taurine ABC transporter membrane subunit
tauD	b0368	387794	388646	1	taurine dioxygenase
hemB	b0369	388752	389727	-1	porphobilinogen synthase
yaiT	b4580	390250	394418	1	putative autotransporter YaiT
ytiB	b4767	391591	391648	-1	protein YtiB
insF2	b0372	391738	392605	-1	IS3 element protein InsF
insE2	b0373	392601	392901	-1	IS3 element protein InsE
iprA	b0375	394505	395129	1	putative DNA-binding transcriptional regulator IprA
ampH	b0376	395129	396287	-1	peptidoglycan DD-carboxypeptidase/peptidoglycan DD-endopeptidase
sbmA	b0377	396638	397859	1	peptide antibiotic/peptide nucleic acid transporter
yaiW	b0378	397871	398966	1	surface-exposed outer membrane lipoprotein
yaiY	b0379	399024	399333	-1	DUF2755 domain-containing inner membrane protein YaiY
yaiZ	b0380	399592	399805	1	DUF2754 domain-containing protein YaiZ
ddlA	b0381	399828	400923	-1	D-alanine--D-alanine ligase A
iraP	b0382	401385	401646	1	anti-adaptor protein IraP
phoA	b0383	401746	403162	1	alkaline phosphatase
psiF	b0384	403280	403601	1	phosphate starvation-inducible protein PsiF
dgcC	b0385	403702	404818	1	diguanylate cyclase DgcC
proC	b0386	404834	405644	-1	pyrroline-5-carboxylate reductase
yaiI	b0387	405763	406222	1	DUF188 domain-containing protein YaiI
aroL	b0388	406404	406929	1	shikimate kinase 2
yaiA	b0389	406978	407170	1	protein YaiA
aroM	b0390	407427	408105	1	protein AroM
ppnP	b0391	408176	408461	1	nucleoside phosphorylase PpnP
ykiD	b4732	408946	409030	1	protein YkiD
rdgC	b0393	409107	410019	-1	nucleoid-associated protein RdgC
mak	b0394	410143	411052	1	fructokinase
araJ	b0396	411296	412481	-1	putative transport protein AraJ
sbcC	b0397	412606	415753	-1	ATP-dependent structure-specific DNA nuclease - SbcC subunit
sbcD	b0398	415749	416952	-1	ATP-dependent structure-specific DNA nuclease - SbcD subunit
phoB	b0399	417141	417831	1	DNA-binding transcriptional dual regulator PhoB
phoR	b0400	417888	419184	1	sensor histidine kinase PhoR
brnQ	b0401	419590	420910	1	branched chain amino acid transporter BrnQ
proY	b0402	420985	422359	1	putative transporter ProY
malZ	b0403	422517	424332	1	maltodextrin glucosidase
acpH	b0404	424336	424918	-1	acyl carrier protein phosphodiesterase
queA	b0405	425010	426081	1	tRNA preQ1(34) S-adenosylmethionine ribosyltransferase-isomerase
tgt	b0406	426136	427264	1	tRNA-guanine transglycosylase
yajC	b0407	427286	427619	1	Sec translocon accessory complex subunit YajC
secD	b0408	427646	429494	1	Sec translocon accessory complex subunit SecD
secF	b0409	429504	430476	1	Sec translocon accessory complex subunit SecF
yajD	b0410	430604	430952	1	HNH nuclease family protein YajD
tsx	b0411	431128	432013	-1	nucleoside-specific channel-forming protein Tsx
yajI	b0412	432311	432851	-1	putative lipoprotein YajI
nrdR	b0413	433001	433451	1	NrdR transcriptional repressor
ribD	b0414	433454	434558	1	fused diaminohydroxyphosphoribosylaminopyrimidine deaminase/5-amino-6-(5-phosphoribosylamino)uracil reductase
ribE	b0415	434646	435117	1	6,7-dimethyl-8-ribityllumazine synthase
nusB	b0416	435136	435556	1	transcription antitermination protein NusB
thiL	b0417	435633	436611	1	thiamine monophosphate kinase
pgpA	b0418	436588	437107	1	phosphatidylglycerophosphatase A
yajO	b0419	437160	438135	-1	1-deoxyxylulose-5-phosphate synthase YajO
dxs	b0420	438314	440177	-1	1-deoxy-D-xylulose-5-phosphate synthase
ispA	b0421	440201	441101	-1	geranyl diphosphate/farnesyl diphosphate synthase
xseB	b0422	441100	441343	-1	exodeoxyribonuclease VII subunit XseB
thiI	b0423	441548	442997	1	tRNA uridine 4-sulfurtransferase
yajL	b0424	443050	443641	-1	protein/nucleic acid deglycase 3
panE	b0425	443603	444515	-1	2-dehydropantoate 2-reductase
yajQ	b0426	444682	445174	1	nucleotide binding protein YajQ
yajR	b0427	445301	446666	-1	putative transport protein YajR
cyoE	b0428	446814	447705	-1	heme O synthase
cyoD	b0429	447716	448046	-1	cytochrome bo3 subunit 4
cyoC	b0430	448045	448660	-1	cytochrome bo3 subunit 3
cyoB	b0431	448649	450641	-1	cytochrome bo3 subunit 1
cyoA	b0432	450662	451610	-1	cytochrome bo3 subunit 2
ampG	b0433	452069	453545	-1	muropeptide:H(+) symporter
yajG	b0434	453588	454167	-1	putative lipoprotein YajG
bolA	b0435	454471	454789	1	DNA-binding transcriptional dual regulator BolA
tig	b0436	455132	456431	1	trigger factor
clpP	b0437	456676	457300	1	ATP-dependent Clp protease proteolytic subunit
clpX	b0438	457425	458700	1	ATP-dependent Clp protease ATP-binding subunit ClpX
lon	b0439	458887	461242	1	Lon protease
hupB	b0440	461450	461723	1	DNA-binding protein HU-beta
ppiD	b0441	461914	463786	1	periplasmic folding chaperone
ybaV	b0442	463936	464308	1	helix-hairpin-helix 3 family protein
fadM	b0443	464401	464800	1	long-chain acyl-CoA thioesterase FadM
queC	b0444	464851	465547	-1	7-cyano-7-deazaguanine synthase
ybaE	b0445	465611	467312	-1	uncharacterized protein YbaE
cof	b0446	467411	468230	1	HMP-PP phosphatase
decR	b0447	468382	468841	1	DNA-binding transcriptional activator DecR
mdlA	b0448	468870	470643	1	ABC transporter family protein MdlA
mdlB	b0449	470635	472417	1	ABC transporter family protein MdlB
glnK	b0450	472597	472936	1	nitrogen regulatory protein PII-2
amtB	b0451	472965	474252	1	ammonium transporter
tesB	b0452	474300	475161	-1	acyl-CoA thioesterase II
ybaY	b0453	475378	475951	1	PF09619 family lipoprotein YbaY
ybaZ	b0454	475981	476371	-1	DNA base-flipping protein
ybaA	b0456	476671	477025	1	DUF1428 domain-containing protein YbaA
pdeB	b0457	477066	478617	-1	cyclic di-GMP phosphodiesterase PdeB
ylaC	b0458	478780	479251	-1	putative inner membrane protein
maa	b0459	479366	479918	-1	maltose O-acetyltransferase
hha	b0460	480089	480308	-1	hemolysin expression-modulating protein Hha
tomB	b0461	480333	480708	-1	Hha toxicity modulator TomB
acrB	b0462	481253	484403	-1	multidrug efflux pump RND permease AcrB
acrA	b0463	484425	485619	-1	multidrug efflux pump membrane fusion lipoprotein AcrA
acrR	b0464	485760	486408	1	DNA-binding transcriptional repressor AcrR
mscK	b0465	486535	489898	1	potassium dependent, small conductance mechanosensitive channel
ybaM	b0466	490109	490271	-1	DUF2496 domain-containing protein YbaM
priC	b0467	490284	490812	-1	primosomal replication protein N''
ybaN	b0468	490881	491259	1	DUF454 domain-containing inner membrane protein YbaN
apt	b0469	491411	491963	1	adenine phosphoribosyltransferase
dnaX	b0470	492091	494023	1	DNA polymerase III subunit tau
dnaX	b0470	492091	493386	1	DNA polymerase III subunit gamma
ybaB	b0471	494075	494405	1	putative nucleoid-associated protein YbaB
recR	b0472	494404	495010	1	recombination mediator protein RecR
htpG	b0473	495119	496994	1	chaperone protein HtpG
adk	b0474	497174	497819	1	adenylate kinase
hemH	b0475	498054	499017	1	ferrochelatase
aes	b0476	499013	499973	-1	acetylesterase
gsk	b0477	500124	501429	1	inosine/guanosine kinase
ybaL	b0478	501561	503238	-1	putative transporter YbaL
fsr	b0479	503475	504696	-1	fosmidomycin efflux pump
ushA	b0480	504913	506566	1	5'-nucleotidase/UDP-sugar hydrolase
ybaK	b0481	506602	507082	-1	Cys-tRNA(Pro)/Cys-tRNA(Cys) deacylase YbaK
ybaP	b0482	507285	508080	-1	TraB family protein YbaP
ybaQ	b0483	508217	508559	1	DNA-binding transcriptional regulator YbaQ
copA	b0484	508874	511379	-1	Cu(+) exporting P-type ATPase
copA	b0484	511167	511379	-1	soluble Cu(+) chaperone
glsA	b0485	511640	512573	1	glutaminase 1
ybaT	b0486	512575	513868	1	putative transporter YbaT
cueR	b0487	513992	514400	1	DNA-binding transcriptional dual regulator CueR
ybbJ	b0488	514400	514859	-1	NfeD-like family protein YbbJ
qmcA	b0489	514855	515773	-1	PHB domain-containing protein QmcA
fetA	b0490	515918	516596	1	putative iron ABC exporter ATP-binding subunit FetA
fetB	b0491	516582	517362	1	putative iron ABC exporter membrane subunit FetB
cnoX	b0492	517424	518279	-1	chaperedoxin
ybbO	b0493	518339	519149	-1	NADP(+)-dependent aldehyde reductase YbbO
tesA	b0494	519138	519765	-1	multifunctional acyl-CoA thioesterase I and protease I and lysophospholipase L1
ybbA	b0495	519732	520419	1	putative ABC transporter ATP-binding protein YbbA
ybbP	b0496	520415	522830	1	putative ABC transporter membrane subunit YbbP
rhsD	b0497	523260	527541	1	protein RhsD
ybbC	b0498	527580	527949	1	PF15631 family protein YbbC
ylbG	b0502	529644	530016	-1	putative DNA-binding transcriptional regulator YlbG
selU	b0503	530131	531226	-1	tRNA 2-selenouridine synthase
allS	b0504	531294	532221	-1	DNA-binding transcriptional activator AllS
allA	b0505	532450	532933	1	ureidoglycolate lyase
allR	b0506	533010	533826	1	DNA-binding transcriptional repressor AllR
gcl	b0507	533915	535697	1	glyoxylate carboligase
hyi	b0508	535709	536486	1	hydroxypyruvate isomerase
glxR	b0509	536585	537464	1	tartronate semialdehyde reductase 2
allW	b0511	537632	539087	1	allantoin transporter
allB	b0512	539146	540508	1	allantoinase
ybbY	b0513	540564	541866	1	putative purine transporter
glxK	b0514	541887	543033	1	glycerate 2-kinase 2
allE	b0515	543260	544046	-1	(S)-ureidoglycine aminohydrolase
allC	b0516	544056	545292	-1	allantoate amidohydrolase
allD	b0517	545313	546363	-1	ureidoglycolate dehydrogenase
fdrA	b0518	546679	548347	1	putative oxamate carbamoyltransferase FdrA
ylbE	b4572	548356	549616	1	DUF1116 domain-containing protein YlbE
ylbF	b0520	549626	550442	1	DUF2877 domain-containing protein YlbF
ybcF	b0521	550438	551332	1	putative carbamate kinase
purK	b0522	551526	552594	-1	5-(carboxyamino)imidazole ribonucleotide synthase
purE	b0523	552590	553100	-1	N(5)-carboxyaminoimidazole ribonucleotide mutase
lpxH	b0524	553217	553940	-1	UDP-2,3-diacylglucosamine diphosphatase
ppiB	b0525	553942	554437	-1	peptidyl-prolyl cis-trans isomerase B
cysS	b0526	554610	555996	1	cysteine--tRNA ligase
ybcI	b0527	556031	556553	-1	PF04307 family inner membrane protein YbcI
ybcJ	b0528	556660	556873	-1	putative RNA-binding protein YbcJ
folD	b0529	556874	557741	-1	bifunctional methylenetetrahydrofolate dehydrogenase/methenyltetrahydrofolate cyclohydrolase
sfmA	b0530	558211	558754	1	putative fimbrial protein SfmA
sfmC	b0531	558973	559666	1	putative fimbrial chaperone SfmC
sfmD	b0532	559696	562300	1	putative fimbrial usher protein SfmD
sfmH	b0533	562335	563319	1	putative fimbrial adhesin protein SfmH
sfmF	b0534	563329	563845	1	putative fimbrial protein SfmF
fimZ	b0535	563847	564480	-1	LuxR family transcriptional regulator FimZ
intD	b0537	564814	565978	-1	putative integrase
renD	b0542	566683	568247	1	DLP12 prophage; protein RenD
insE3	b0540	566841	567141	1	IS3 element protein InsE
insF3	b0541	567137	568004	1	IS3 element protein InsF
emrE	b0543	568314	568647	1	multidrug/betaine/choline efflux transporter EmrE
ylcJ	b4733	568694	568844	1	protein YlcJ
ybcK	b0544	568901	570428	1	putative recombinase YbcK
ybcL	b0545	570892	571444	1	periplasmic protein YbcL
ybcM	b0546	571453	572251	1	putative DNA-binding transcriptional regulator
ylcH	b4588	572367	572469	1	uncharacterized protein YlcH
ybcN	b0547	572465	572921	1	DNA base-flipping protein
ninE	b0548	572920	573091	1	NinE family prophage protein
ybcO	b0549	573083	573374	1	putative nuclease YbcO
rusA	b0550	573370	573733	1	crossover junction endodeoxyribonuclease RusA
ylcG	b4509	573729	573870	1	uncharacterized protein YlcG
quuD	b0551	573955	574339	1	prophage antitermination protein Q homolog QuuD
nmpC	b0553	574528	576825	-1	DLP12 prophage; putative outer membrane porin NmpC
insH2	b0552	574736	575717	-1	IS5 transposase and trans-activator
essD	b0554	577397	577613	1	putative phage lysis protein
rrrD	b0555	577612	578110	1	lysozyme
rzpD	b0556	578106	578568	1	putative prophage endopeptidase RzpD
rzoD	b4510	578326	578509	1	putative prophage lysis lipoprotein RzoD
borD	b0557	578599	578893	-1	prophage lipoprotein BorD
ybcV	b0558	579183	579594	-1	DUF1398 domain-containing protein YbcV
ybcW	b0559	579879	580086	1	uncharacterized protein YbcW
ylcI	b4589	580250	580445	-1	DUF3950 domain-containing protein YlcI
nohD	b0560	580833	581379	1	putative DNA-packaging protein NohD
tfaD	b0561	581533	582097	1	putative tail fiber assembly protein TfaD
tfaX	b0563	582874	583060	1	protein TfaX
appY	b0564	583680	584430	1	DNA-binding transcriptional activator AppY
ompT	b0565	584679	585633	-1	omptin family outer membrane protease OmpT
envY	b0566	586146	586908	-1	DNA-binding transcriptional activator EnvY
ybcH	b0567	587090	587981	-1	putative exopolysaccharide secretion system auxiliary component
nfrA	b0568	587981	590954	-1	exopolysaccharide secretion system outer membrane protein NfrA
nfrB	b0569	590940	593178	-1	cyclic di-3',5'-guanylate-activated glycosyltransferase
cusS	b0570	593327	594770	-1	sensor histidine kinase CusS
cusR	b0571	594759	595443	-1	DNA-binding transcriptional activator CusR
cusC	b0572	595599	596973	1	copper/silver export system outer membrane channel
cusF	b0573	597130	597463	1	copper/silver export system periplasmic binding protein
cusB	b0574	597478	598702	1	copper/silver export system membrane fusion protein
cusA	b0575	598713	601857	1	copper/silver export system RND permease
pheP	b0576	601958	603335	1	phenylalanine:H(+) symporter PheP
ybdG	b0577	603415	604663	-1	miniconductance mechanosensitive channel YbdG
nfsB	b0578	604770	605424	-1	NAD(P)H-dependent nitroreductase NfsB
ybdF	b0579	605517	605886	-1	PF04237 family protein YbdF
ybdJ	b0580	605950	606199	-1	DUF1158 domain-containing protein YbdJ
ybdK	b0581	606264	607383	-1	putative glutamate--cysteine ligase 2
hokE	b4415	607835	607988	1	small toxic polypeptide HokE
insL2	b0582	608064	609177	1	IS186/IS421 transposase
entD	b0583	609458	610079	-1	phosphopantetheinyl transferase EntD
fepA	b0584	610253	612494	-1	ferric enterobactin outer membrane transporter
fes	b0585	612736	613939	1	ferric enterobactin esterase
ybdZ	b4511	613941	614160	1	enterobactin biosynthesis protein YbdZ
entF	b0586	614156	618038	1	apo-serine activating enzyme
fepE	b0587	618253	619387	1	polysaccharide co-polymerase family protein FepE
fepC	b0588	619383	620199	-1	ferric enterobactin ABC transporter ATP binding subunit
fepG	b0589	620195	621188	-1	ferric enterobactin ABC transporter membrane subunit FepG
fepD	b0590	621184	622189	-1	ferric enterobactin ABC transporter membrane subunit FebD
entS	b0591	622299	623550	1	enterobactin exporter EntS
fepB	b0592	623553	624510	-1	ferric enterobactin ABC transporter periplasmic binding protein
entC	b0593	624884	626060	1	isochorismate synthase EntC
entE	b0594	626069	627680	1	2,3-dihydroxybenzoate-AMP ligase
entB	b0595	627693	628551	1	enterobactin synthase component B
entA	b0596	628550	629297	1	2,3-dihydro-2,3-dihydroxybenzoate dehydrogenase
entH	b0597	629299	629713	1	proofreading thioesterase in enterobactin biosynthesis
cstA	b0598	629893	631999	1	pyruvate transporter CstA
ybdD	b4512	632181	632379	1	PF04328 family protein YbdD
hcxA	b0599	632388	633477	-1	hydroxycarboxylate dehydrogenase A
ybdL	b0600	633585	634746	1	methionine transaminase
ybdM	b0601	634746	635376	-1	ParB-like nuclease domain-containing protein YbdM
ybdN	b0602	635348	636569	-1	putative PAPS reductase/DUF3440 domain-containing protein YbdN
citR	b0603	636715	637618	-1	DNA-binding transcriptional repressor CitR
dsbG	b0604	637826	638573	-1	protein sulfenic acid reductase and chaperone DsbG
ahpC	b0605	638944	639508	1	alkyl hydroperoxide reductase, AhpC component
ahpF	b0606	639752	641318	1	alkyl hydroperoxide reductase, AhpF component
uspG	b0607	641438	641867	-1	universal stress protein G
ybdR	b0608	642087	643326	1	putative Zn(2(+))-dependent alcohol dehydrogenase YbdR
yldA	b4734	643329	643419	-1	protein YldA
rnk	b0610	643556	643967	-1	nucleoside diphosphate kinase regulator
rna	b0611	644196	645003	-1	RNase I
citT	b0612	645116	646580	-1	citrate:succinate antiporter
citG	b0613	646630	647509	-1	triphosphoribosyl-dephospho-CoA synthase
citX	b0614	647483	648035	-1	apo-citrate lyase phosphoribosyl-dephospho-CoA transferase
citF	b0615	648038	649571	-1	citrate lyase alpha subunit
citE	b0616	649581	650490	-1	citrate lyase beta subunit
citD	b0617	650486	650783	-1	citrate lyase acyl carrier protein
citC	b0618	650797	651856	-1	citrate lyase synthetase
dpiB	b0619	652234	653893	1	sensor histidine kinase DpiB
dpiA	b0620	653861	654542	1	DNA-binding transcriptional dual regulator DpiA
dcuC	b0621	654582	655968	-1	anaerobic C4-dicarboxylate transporter DcuC
pagP	b0622	656556	657117	1	Lipid A palmitoyltransferase
cspE	b0623	657291	657501	1	transcription antiterminator and regulator of RNA stability CspE
crcB	b0624	657554	657938	-1	F(-) channel
tatE	b0627	658946	659150	1	twin arginine protein translocation system - TatE protein
lipA	b0628	659250	660216	-1	lipoyl synthase
ybeF	b0629	660424	661378	-1	putative DNA-binding transcriptional regulator YbeF
lipB	b0630	661636	662278	-1	lipoyl(octanoyl) transferase
ybeD	b0631	662378	662642	-1	DUF493 domain-containing protein YbeD
dacA	b0632	662751	663963	-1	D-alanyl-D-alanine carboxypeptidase DacA
rlpA	b0633	664101	665190	-1	rare lipoprotein RlpA
mrdB	b0634	665200	666313	-1	peptidoglycan glycosyltransferase MrdB
mrdA	b0635	666315	668217	-1	peptidoglycan DD-transpeptidase MrdA
rlmH	b0636	668247	668715	-1	23S rRNA m(3)psi1915 methyltransferase
rsfS	b0637	668718	669036	-1	ribosomal silencing factor RsfS
cobC	b0638	669295	669907	-1	putative adenosylcobalamin phosphatase/alpha-ribazole phosphatase
nadD	b0639	669930	670572	-1	nicotinate-nucleotide adenylyltransferase
holA	b0640	670573	671605	-1	DNA polymerase III subunit delta
lptE	b0641	671604	672186	-1	lipopolysaccharide assembly protein LptE
leuS	b0642	672200	674783	-1	leucine--tRNA ligase
ybeL	b0643	675017	675500	1	DUF1451 domain-containing protein YbeL
ybeQ	b0644	675569	676547	-1	Sel1 repeat-containing protein YbeQ
ybeR	b0645	676710	677418	1	DUF1266 domain-containing protein YbeR
djlB	b0646	677414	678842	1	J domain-containing protein DjlB
ybeT	b0647	678851	679406	-1	Sel1 repeat-containing protein YbeT
ybeU	b0648	679507	680215	1	DUF1266 domain-containing protein YbeU
djlC	b0649	680211	681663	1	co-chaperone DjlC
hscC	b0650	681722	683393	-1	chaperone protein HscC
rihA	b0651	683476	684412	-1	pyrimidine-specific ribonucleoside hydrolase RihA
gltL	b0652	684529	685255	-1	glutamate/aspartate ABC transporter ATP binding subunit
gltK	b0653	685254	685929	-1	glutamate/aspartate ABC transporter membrane subunit GltK
gltJ	b0654	685928	686669	-1	glutamate/aspartate ABC transporter membrane subunit GltJ
gltI	b0655	686838	687747	-1	glutamate/aspartate ABC transporter periplasmic binding protein
insH3	b0656	687996	688977	-1	IS5 transposase and trans-activator
lnt	b0657	689342	690881	-1	apolipoprotein N-acyltransferase
ybeX	b0658	690905	691784	-1	CorC-HlyC family protein YbeX
ybeY	b0659	691873	692341	-1	endoribonuclease YbeY
ybeZ	b0660	692337	693378	-1	PhoH-like protein
miaB	b0661	693530	694955	-1	isopentenyl-adenosine A37 tRNA methylthiolase
ubiF	b0662	695100	696276	1	3-demethoxyubiquinol 3-hydroxylase
asnB	b0674	697512	699177	-1	asparagine synthetase B
umpH	b0675	699573	700326	-1	UMP phosphatase
nagC	b0676	700373	701594	-1	DNA-binding transcriptional dual regulator NagC
nagA	b0677	701602	702751	-1	N-acetylglucosamine-6-phosphate deacetylase
nagB	b0678	702810	703611	-1	glucosamine-6-phosphate deaminase
nagE	b0679	703943	705890	1	N-acetylglucosamine-specific PTS enzyme IIABC component
glnS	b0680	706092	707757	1	glutamine--tRNA ligase
chiP	b0681	708333	709740	1	chitooligosaccharide outer membrane channel
chiQ	b0682	709789	710116	1	lipoprotein ChiQ
fur	b0683	710199	710646	-1	DNA-binding transcriptional dual regulator Fur
uof	b4637	710638	710725	-1	RyhB-regulated fur leader peptide
fldA	b0684	710934	711465	-1	flavodoxin 1
ybfE	b0685	711604	711898	-1	ribbon-helix-helix domain-containing protein YbfE
ybfF	b0686	712037	712802	-1	esterase
seqA	b0687	712986	713532	1	negative modulator of initiation of replication
pgm	b0688	713557	715198	1	phosphoglucomutase
ybfP	b0689	715411	715906	1	lipoprotein YbfP
potE	b0692	716945	718265	-1	putrescine transporter PotE
speF	b0693	718261	720460	-1	inducible ornithine decarboxylase
speFL	b4803	720717	720822	-1	leader peptide SpeFL
kdpE	b0694	721055	721733	-1	DNA-binding transcriptional dual regulator KdpE
kdpD	b0695	721729	724414	-1	sensor histidine kinase KdpD
kdpC	b0696	724406	724979	-1	K(+) transporting P-type ATPase subunit KdpC
kdpB	b0697	724987	727036	-1	K(+) transporting P-type ATPase subunit KdpB
kdpA	b0698	727058	728732	-1	K(+) transporting P-type ATPase subunit KdpA
kdpF	b4513	728731	728821	-1	K(+) transporting P-type ATPase subunit KdpF
ybfA	b0699	729133	729340	1	DUF2517 domain-containing protein YbfA
rhsC	b0700	729582	733776	1	rhs element protein RhsC
ybfB	b0702	733775	734102	1	uncharacterized protein YbfB
ybfC	b0704	735649	736219	1	uncharacterized protein YbfC
ybfQ	b4514	736444	736699	1	inactive transposase YbfQ
ybfD	b0706	738091	738853	1	H repeat-associated putative transposase YbfD
ybgA	b0707	739000	739510	1	DUF1722 domain-containing protein YbgA
phr	b0708	739506	740925	1	deoxyribodipyrimidine photolyase
dtpD	b0709	741074	742556	-1	dipeptide:H(+) symporter DtpD
ybgI	b0710	742826	743570	1	radiation resistance protein YbgI
pxpB	b0711	743592	744249	1	5-oxoprolinase component B
pxpC	b0712	744242	745175	1	5-oxoprolinase component C
pxpA	b0713	745164	745899	1	5-oxoprolinase component A
nei	b0714	745934	746726	1	endonuclease VIII
abrB	b0715	746722	747769	-1	putative regulator
ybgO	b0716	747920	748982	-1	putative fimbrial protein YbgO
ybgP	b0717	748978	749707	-1	putative fimbrial chaperone YbgP
ybgQ	b0718	749721	752169	-1	putative fimbrial usher protein YbgQ
ybgD	b0719	752228	752795	-1	putative fimbrial protein YbgD
gltA	b0720	753184	754468	-1	citrate synthase
ybgV	b4768	754657	754690	-1	protein YbgV
ybgU	b4735	754673	754781	-1	protein YbgU
sdhC	b0721	755176	755566	1	succinate:quinone oxidoreductase, membrane protein SdhC
sdhD	b0722	755559	755907	1	succinate:quinone oxidoreductase, membrane protein SdhD
sdhA	b0723	755906	757673	1	succinate:quinone oxidoreductase, FAD binding protein
sdhB	b0724	757688	758405	1	succinate:quinone oxidoreductase, [Fe-S] cluster binding protein
sucA	b0726	758705	761507	1	subunit of E1(0) component of 2-oxoglutarate dehydrogenase
sucB	b0727	761521	762739	1	2-oxoglutarate dehydrogenase E2 subunit
sucC	b0728	763013	764180	1	succinyl-CoA synthetase subunit beta
sucD	b0729	764179	765049	1	succinyl-CoA synthetase subunit alpha
mngR	b0730	765152	765875	-1	DNA-binding transcriptional repressor MngR
mngA	b0731	765983	767960	1	2-O-alpha-mannosyl-D-glycerate specific PTS enzyme II
mngB	b0732	767977	770611	1	alpha-mannosidase
cydA	b0733	771457	773026	1	cytochrome bd-I subunit 1
cydB	b0734	773041	774181	1	cytochrome bd-I subunit 2
cydX	b4515	774195	774309	1	cytochrome bd-I accessory subunit CydX
ybgE	b0735	774308	774602	1	PF09600 family protein YbgE
ybgC	b0736	774751	775156	1	esterase/thioesterase
tolQ	b0737	775152	775845	1	Tol-Pal system protein TolQ
tolR	b0738	775848	776277	1	Tol-Pal system protein TolR
tolA	b0739	776341	777607	1	Tol-Pal system protein TolA
tolB	b0740	777739	779032	1	Tol-Pal system periplasmic protein TolB
pal	b0741	779066	779588	1	peptidoglycan-associated outer membrane lipoprotein Pal
cpoB	b0742	779597	780389	1	cell division coordinator CpoB
nadA	b0750	782084	783128	1	quinolinate synthase
pnuC	b0751	783165	783885	1	nicotinamide riboside transporter
zitB	b0752	783881	784823	-1	Zn(2(+))/Cd(2(+))/Ni(2(+))/Cu(2(+)) exporter
ybgS	b0753	784936	785317	-1	PF13985 family protein YbgS
aroG	b0754	785632	786685	1	3-deoxy-7-phosphoheptulonate synthase, Phe-sensitive
gpmA	b0755	786842	787595	-1	2,3-bisphosphoglycerate-dependent phosphoglycerate mutase
galM	b0756	787796	788837	-1	galactose-1-epimerase
galK	b0757	788830	789979	-1	galactokinase
galT	b0758	789982	791029	-1	galactose-1-phosphate uridylyltransferase
galE	b0759	791038	792055	-1	UDP-glucose 4-epimerase
modF	b0760	792315	793788	-1	ABC family protein ModF
modE	b0761	793855	794644	-1	DNA-binding transcriptional dual regulator ModE
acrZ	b0762	794772	794922	1	multidrug efflux pump accessory protein AcrZ
modA	b0763	795088	795862	1	molybdate ABC transporter periplasmic binding protein
modB	b0764	795861	796551	1	molybdate ABC transporter membrane subunit
modC	b0765	796553	797612	1	molybdate ABC transporter ATP binding subunit
ybhA	b0766	797612	798431	-1	pyridoxal phosphate/fructose-1,6-bisphosphate phosphatase
pgl	b0767	798585	799581	1	6-phosphogluconolactonase
ybhD	b0768	799621	800575	-1	putative DNA-binding transcriptional regulator YbhD
ybhH	b0769	800758	801811	1	putative isomerase YbhH
ybhI	b0770	801886	803320	1	putative tricarboxylate transporter
ybhJ	b0771	803502	805764	1	putative hydratase YbhJ
ybhC	b0772	805997	807281	-1	outer membrane lipoprotein YbhC
ybhB	b0773	807432	807909	-1	putative kinase inhibitor
bioA	b0774	807967	809257	-1	adenosylmethionine-8-amino-7-oxononanoate aminotransferase
bioB	b0775	809343	810384	1	biotin synthase
bioF	b0776	810380	811535	1	8-amino-7-oxononanoate synthase
bioC	b0777	811521	812277	1	malonyl-acyl carrier protein methyltransferase
bioD	b0778	812269	812947	1	dethiobiotin synthetase
uvrB	b0779	813525	815547	1	UvrABC excision nuclease subunit B
ybhK	b0780	815738	816647	-1	putative transferase YbhK
moaA	b0781	817043	818033	1	GTP 3',8'-cyclase
moaB	b0782	818054	818567	1	protein MoaB
moaC	b0783	818569	819055	1	cyclic pyranopterin monophosphate synthase
moaD	b0784	819047	819293	1	molybdopterin synthase sulfur carrier subunit
moaE	b0785	819294	819747	1	molybdopterin synthase catalytic subunit
ybhL	b0786	819883	820588	1	Bax1-I family protein YbhL
ybhM	b0787	820792	821506	1	Bax1-I family protein YbhM
ybhN	b0788	821541	822498	-1	PF03706 family inner membrane protein YbhN
clsB	b0789	822497	823739	-1	cardiolipin synthase B
ybhP	b0790	823735	824497	-1	endonuclease/exonuclease/phosphatase domain-containing protein YbhP
ybhQ	b0791	824629	825040	1	inner membrane protein YbhQ
ybhR	b0792	825001	826108	-1	ABC exporter membrane subunit YbhR
ybhS	b0793	826118	827252	-1	ABC exporter membrane subunit YbhS
ybhF	b0794	827244	828981	-1	ABC exporter ATP binding subunit YbhF
ybhG	b0795	828973	829972	-1	HlyD_D23 family protein YbhG
cecR	b0796	829971	830643	-1	DNA-binding transcriptional dual regulator CecR
rhlE	b0797	830871	832236	1	ATP-dependent RNA helicase RhlE
ybiA	b0798	832467	832950	-1	N-glycosidase YbiA
dinG	b0799	833069	835220	1	ATP-dependent DNA helicase DinG
ybiB	b0800	835247	836210	1	nonspecific DNA-binding protein YbiB
hcxB	b0801	836350	837436	1	hydroxycarboxylate dehydrogenase B
ybiE	b4769	837502	837562	1	protein YbiE
ybiJ	b0802	837664	837925	-1	DUF1471 domain-containing protein YbiJ
ybiI	b0803	838189	838456	-1	zinc finger domain-containing protein YbiI
ybiX	b0804	838529	839207	-1	PKHD-type hydroxylase YbiX
fiu	b0805	839248	841531	-1	Fe catecholate outer membrane transporter Fiu
mcbA	b0806	841795	842056	-1	DUF1471 domain-containing protein McbA
rlmF	b0807	842331	843258	1	23S rRNA m(6)A1618 methyltransferase
ybiO	b0808	843254	845480	-1	moderate conductance mechanosensitive channel YbiO
glnQ	b0809	845740	846463	-1	L-glutamine ABC transporter ATP binding subunit
glnP	b0810	846459	847119	-1	L-glutamine ABC transporter membrane subunit
glnH	b0811	847257	848004	-1	L-glutamine ABC transporter periplasmic binding protein
dps	b0812	848407	848911	-1	DNA protection during starvation protein
rhtA	b0813	849209	850097	-1	L-threonine/L-homoserine exporter
yliM	b4736	850331	850397	1	protein YliM
ompX	b0814	850449	850965	1	outer membrane protein X
opgE	b0815	851013	852597	-1	phosphoethanolamine transferase OpgE
mntS	b4705	852868	852997	-1	small protein MntS
mntR	b0817	853182	853650	1	DNA-binding transcriptional dual regulator MntR
ybiR	b0818	853646	854765	1	putative transporter YbiR
ldtB	b0819	854823	855744	-1	L,D-transpeptidase LdtB
ybiT	b0820	855962	857555	1	putative ATP-binding protein YbiT
ybiU	b0821	857795	859061	-1	DUF1479 domain-containing protein YbiU
ybiV	b0822	859212	860028	-1	sugar phosphatase YbiV
ybiW	b0823	860173	862606	-1	putative pyruvate formate lyase
ybiY	b0824	862611	863511	-1	putative pyruvate formate-lyase activating enzyme YbiY
fsaA	b0825	863641	864304	1	fructose-6-phosphate aldolase 1
moeB	b0826	864379	865129	-1	molybdopterin-synthase adenylyltransferase
moeA	b0827	865128	866364	-1	molybdopterin molybdotransferase
iaaA	b0828	866567	867533	1	isoaspartyl dipeptidase proenzyme
gsiA	b0829	867519	869391	1	glutathione ABC transporter ATP binding subunit GsiA
gsiB	b0830	869410	870949	1	glutathione ABC transporter periplasmic binding protein
gsiC	b0831	870966	871887	1	glutathione ABC transporter membrane subunit GsiC
gsiD	b0832	871889	872801	1	glutathione ABC transporter membrane subunit GsiD
pdeI	b0833	872978	875327	1	putative cyclic di-GMP phosphodiesterase PdeI
dgcI	b0834	875334	876663	1	putative diguanylate cyclase DgcI
rimO	b0835	876709	878035	-1	ribosomal protein S12 methylthiotransferase RimO
bssR	b0836	878247	878631	1	regulator of biofilm formation
yliI	b0837	878741	879857	1	aldose sugar dehydrogenase YliI
gstB	b0838	879853	880480	-1	glutathione S-transferase GstB
dacC	b0839	880726	881929	1	D-alanyl-D-alanine carboxypeptidase DacC
deoR	b0840	881975	882734	-1	DNA-binding transcriptional repressor DeoR
ybjG	b0841	882791	883388	-1	undecaprenyl pyrophosphate phosphatase
mdfA	b0842	883672	884905	1	multidrug efflux pump MdfA/Na(+):H(+) antiporter/K(+):H(+) antiporter
ybjH	b0843	884945	885230	-1	uncharacterized protein YbjH
ybjI	b0844	885315	886131	-1	5-amino-6-(5-phospho-D-ribitylamino)uracil phosphatase
ybjJ	b0845	886130	887339	-1	inner membrane protein YbjJ
rcdA	b0846	887422	887959	1	DNA binding transcriptional dual regulator RcdA
ybjL	b0847	888133	889819	-1	putative transport protein YbjL
ybjM	b0848	890088	890466	1	putative inner membrane protein
grxA	b0849	890495	890753	-1	reduced glutaredoxin 1
ybjC	b0850	890912	891200	1	DUF1418 domain-containing protein YbjC
nfsA	b0851	891183	891906	1	NADPH-dependent nitro/quinone reductase NfsA
rimK	b0852	891966	892869	1	ribosomal protein S6 modification protein
ybjN	b0853	892956	893433	1	protein YbjN
potF	b0854	893783	894896	1	putrescine ABC transporter periplasmic binding protein
potG	b0855	894990	896124	1	putrescine ABC transporter ATP binding subunit
potH	b0856	896133	897087	1	putrescine ABC transporter membrane subunit PotH
potI	b0857	897083	897929	1	putrescine ABC transporter membrane subunit PotI
ybjO	b0858	897988	898477	1	putative inner membrane protein
rlmC	b0859	898517	899645	1	23S rRNA m(5)U747 methyltransferase
artJ	b0860	899843	900575	-1	L-arginine ABC transporter periplasmic binding protein
artM	b0861	900865	901534	-1	L-arginine ABC transporter membrane subunit ArtM
artQ	b0862	901533	902250	-1	L-arginine ABC transporter membrane subunit ArtQ
artI	b0863	902256	902988	-1	putative ABC transporter periplasmic binding protein ArtI
artP	b0864	903005	903734	-1	L-arginine ABC transporter ATP binding subunit
ybjP	b0865	903951	904467	-1	DUF3828 domain-containing lipoprotein YbjP
ybjQ	b0866	904592	904916	1	putative heavy metal binding protein YbjQ
amiD	b0867	904912	905743	1	N-acetylmuramoyl-L-alanine amidase D
ybjS	b0868	905739	906753	-1	putative epimerase YbjS
ybjT	b0869	906851	908282	-1	putative NAD(P)-binding protein YbjT
ltaE	b0870	908292	909294	-1	low-specificity L-threonine aldolase
poxB	b0871	909330	911049	-1	pyruvate oxidase
hcr	b0872	911181	912150	-1	NADH oxidoreductase
hcp	b0873	912161	913814	-1	protein S-nitrosylase
lysO	b0874	913957	914857	-1	L-lysine/thialysine exporter
aqpZ	b0875	915351	916047	-1	water channel AqpZ
ybjD	b0876	916472	918131	1	DUF2813 domain-containing protein YbjD
ybjX	b0877	918127	919120	-1	DUF535 domain-containing protein YbjX
macA	b0878	919234	920350	1	ABC-type tripartite efflux pump membrane fusion protein
macB	b0879	920346	922293	1	ABC-type tripartite efflux pump ATP binding/membrane subunit
cspD	b0880	922365	922590	-1	DNA replication inhibitor CspD
yljB	b4770	922739	922814	1	protein YljB
clpS	b0881	922912	923233	1	specificity factor for ClpA-ClpP chaperone-protease complex
clpA	b0882	923263	925540	1	ATP-dependent Clp protease ATP-binding subunit ClpA
infA	b0884	926224	926443	-1	translation initiation factor IF-1
aat	b0885	926727	927432	-1	leucyl/phenylalanyl-tRNA--protein transferase
cydC	b0886	927473	929195	-1	heme ABC transporter subunit CydC
cydD	b0887	929195	930962	-1	heme ABC transporter subunit CydD
trxB	b0888	931084	932050	-1	thioredoxin reductase
lrp	b0889	932594	933089	1	DNA-binding transcriptional dual regulator Lrp
ftsK	b0890	933223	937213	1	cell division DNA translocase FtsK
lolA	b0891	937371	937983	1	outer membrane lipoprotein carrier protein
rarA	b0892	937993	939337	1	replication-associated recombination protein A
serS	b0893	939427	940720	1	serine--tRNA ligase
dmsA	b0894	940958	943403	1	dimethyl sulfoxide reductase subunit A
dmsB	b0895	943413	944031	1	dimethyl sulfoxide reductase subunit B
dmsC	b0896	944032	944896	1	dimethyl sulfoxide reductase subunit C
ycaC	b0897	944930	945557	-1	putative hydrolase YcaC
ycaD	b0898	945870	947019	1	putative transporter YcaD
ycaM	b0899	947228	948659	1	putative transporter YcaM
ycaN	b0900	948659	949568	-1	putative DNA-binding transcriptional regulator YcaN
ycaK	b0901	949667	950258	1	putative oxidoreductase YcaK
pflA	b0902	950339	951080	-1	pyruvate formate-lyase activating enzyme
pflB	b0903	951271	953554	-1	pyruvate formate-lyase
focA	b0904	953608	954466	-1	formate channel FocA
ycaO	b0905	954871	956632	-1	ribosomal protein S12 methylthiotransferase accessory factor YcaO
ycaP	b0906	956761	957454	1	DUF421 domain-containing protein YcaP
serC	b0907	957652	958741	1	phosphoserine/phosphohydroxythreonine aminotransferase
aroA	b0908	958811	960095	1	3-phosphoshikimate 1-carboxyvinyltransferase
ycaL	b0909	960263	961028	1	periplasmic protease YcaL
cmk	b0910	961200	961884	1	cytidylate kinase
rpsA	b0911	961994	963668	1	30S ribosomal subunit protein S1
ihfB	b0912	963827	964112	1	integration host factor subunit beta
ycaI	b0913	964319	966584	1	metallo-beta-lactamase superfamily inner membrane protein YcaI
msbA	b0914	966620	968369	1	ATP-binding lipopolysaccharide transport protein
lpxK	b0915	968365	969352	1	tetraacyldisaccharide 4'-kinase
ycaQ	b0916	969388	970621	1	interstrand DNA crosslink repair glycosylase
ycaR	b0917	970672	970855	1	PF03966 family protein YcaR
kdsB	b0918	970851	971598	1	3-deoxy-manno-octulosonate cytidylyltransferase
ycbJ	b0919	971751	972645	1	putative phosphotransferase YcbJ
elyC	b0920	972621	973401	-1	envelope biogenesis factor
cmoM	b0921	973536	974322	1	tRNA cmo(5)U34 methyltransferase
mukF	b0922	974318	975641	1	chromosome partitioning protein MukF
mukE	b0923	975621	976326	1	chromosome partitioning protein MukE
mukB	b0924	976325	980786	1	chromosome partitioning protein MukB
ldtD	b0925	981046	982894	1	L,D-transpeptidase LdtD
mepK	b0926	983074	983623	1	peptidoglycan L,D-endopeptidase
gloC	b0927	983649	984297	1	hydroxyacylglutathione hydrolase GloC
aspC	b0928	984518	985709	-1	aspartate aminotransferase
ompF	b0929	985893	986982	-1	outer membrane porin F
asnS	b0930	987584	988985	-1	asparagine--tRNA ligase
pncB	b0931	989153	990356	-1	nicotinate phosphoribosyltransferase
pepN	b0932	990621	993234	1	aminopeptidase N
ssuB	b0933	993276	994044	-1	aliphatic sulfonate ABC transporter ATP binding subunit
ssuC	b0934	994040	994832	-1	aliphatic sulfonate ABC transporter membrane subunit
ssuD	b0935	994842	995988	-1	FMNH2-dependent alkanesulfonate monooxygenase
ssuA	b0936	995984	996944	-1	aliphatic sulfonate ABC transporter periplasmic binding protein
ssuE	b0937	996936	997512	-1	NADPH-dependent FMN reductase
elfA	b0938	997867	998407	1	putative laminin-binding fimbrial subunit
elfD	b0939	998489	999191	1	putative fimbrial chaperone ElfD
elfC	b0940	999215	1001816	1	putative fimbrial usher protein ElfC
elfG	b0941	1001806	1002877	1	putative fimbrial-like adhesin protein
ycbU	b0942	1002888	1003431	1	putative fimbrial protein YcbU
ycbV	b0943	1003438	1003954	1	putative fimbrial protein YcbV
ycbF	b0944	1003946	1004657	1	putative fimbrial chaperone YcbF
pyrD	b0945	1004767	1005778	1	dihydroorotate dehydrogenase, type 2
zapC	b0946	1005951	1006494	1	cell division protein ZapC
ycbX	b0947	1006490	1007600	-1	6-N-hydroxylaminopurine resistance protein
rlmL	b0948	1007843	1009952	1	fused 23S rRNA m(2)G2445 methyltransferase and 23S rRNA m(7)G2069 methyltransferase
uup	b0949	1009963	1011871	1	ATP-binding protein Uup
pqiA	b0950	1012000	1013254	1	intermembrane transport protein PqiA
pqiB	b0951	1013258	1014899	1	intermembrane transport protein PqiB
pqiC	b0952	1014895	1015459	1	intermembrane transport lipoprotein PqiC
rmf	b0953	1015714	1015882	1	ribosome modulation factor
fabA	b0954	1015951	1016470	-1	beta-hydroxyacyl-acyl carrier protein dehydratase/isomerase
ycbZ	b0955	1016538	1018299	-1	putative ATP-dependent protease YcbZ
matP	b0956	1018484	1018937	1	macrodomain Ter protein
ompA	b0957	1019012	1020053	-1	outer membrane protein A
sulA	b0958	1020409	1020919	-1	cell division inhibitor SulA
sxy	b0959	1021137	1021767	1	transcriptional coactivator for CRP
yccS	b0960	1021729	1023883	-1	putative transporter YccS
yccF	b0961	1023901	1024348	-1	PF03733 family inner membrane protein YccF
helD	b0962	1024470	1026525	1	DNA helicase IV
mgsA	b0963	1026556	1027015	-1	methylglyoxal synthase
csgI	b0964	1027110	1027773	-1	curli synthesis inhibitor
yccU	b0965	1027945	1028359	1	putative HspQ acetyl donor
hspQ	b0966	1028403	1028721	-1	heat shock protein HspQ
rlmI	b0967	1028778	1029969	-1	23S rRNA m(5)C1962 methyltransferase
yccX	b0968	1030063	1030342	1	acylphosphatase
tusE	b0969	1030338	1030668	-1	sulfur transfer protein TusE
yccA	b0970	1030758	1031418	-1	modulator of FtsH protease
hyaA	b0972	1032138	1033257	1	hydrogenase 1 small subunit
hyaB	b0973	1033253	1035047	1	hydrogenase 1 large subunit
hyaC	b0974	1035065	1035773	1	hydrogenase 1 cytochrome b subunit
hyaD	b0975	1035769	1036357	1	putative hydrogenase 1 maturation protease HyaD
hyaE	b0976	1036353	1036752	1	putative HyaA chaperone
hyaF	b0977	1036748	1037606	1	protein HyaF
appC	b0978	1037739	1039284	1	cytochrome bd-II subunit 1
appB	b0979	1039295	1040432	1	cytochrome bd-II subunit 2
appX	b4592	1040444	1040537	1	cytochrome bd-II accessory subunit AppX
appA	b0980	1040616	1041915	1	periplasmic phosphoanhydride phosphatase/multiple inositol-polyphosphate phosphatase
etk	b0981	1042029	1044210	-1	protein-tyrosine kinase Etk
etp	b0982	1044229	1044676	-1	phosphotyrosine-protein phosphatase Etp
gfcE	b0983	1044663	1045803	-1	putative exopolysaccharide export lipoprotein GfcE
gfcD	b0984	1045848	1047945	-1	putative lipoprotein GfcD
gfcC	b0985	1047944	1048691	-1	capsule biosynthesis GfcC family protein
gfcB	b0986	1048687	1049332	-1	lipoprotein GfcB
gfcA	b0987	1049438	1049744	-1	threonine-rich inner membrane protein GfcA
insA4	b4516	1049832	1050108	1	IS1 protein InsA
insB4	b0988	1050026	1050530	1	IS1 protein InsB
cspH	b0989	1050962	1051175	-1	CspA family protein CspH
cspG	b0990	1051460	1051673	1	cold shock protein CspG
ymcF	b4723	1051683	1051872	1	protein YmcF
ymcE	b0991	1051846	1052077	1	protein YmcE
gnsA	b4517	1052066	1052240	1	putative phosphatidylethanolamine synthesis regulator GnsA
yccM	b0992	1052288	1053362	-1	putative electron transport protein YccM
torS	b0993	1053433	1056178	-1	sensor histidine kinase TorS
torT	b0994	1056260	1057289	1	periplasmic trimethylamine-N-oxide binding protein
torR	b0995	1057261	1057954	-1	DNA-binding transcriptional dual regulator TorR
torC	b0996	1058083	1059256	1	cytochrome c menaquinol dehydrogenase TorC
torA	b0997	1059255	1061802	1	trimethylamine N-oxide reductase 1
torD	b0998	1061798	1062398	1	trimethylamine-N-oxide reductase-specific chaperone
cbpM	b0999	1062549	1062855	-1	chaperone modulator CbpM
cbpA	b1000	1062854	1063775	-1	curved DNA-binding protein
yccE	b1001	1064035	1065292	1	uncharacterized protein YccE
agp	b1002	1065584	1066826	1	glucose-1-phosphatase
yccJ	b1003	1066863	1067091	-1	PF13993 family protein YccJ
wrbA	b1004	1067111	1067708	-1	NAD(P)H:quinone oxidoreductase
ymdF	b4518	1068080	1068254	1	stress-induced bacterial acidophilic repeat motifs-containing protein YmdF
rutG	b1006	1068510	1069839	-1	pyrimidine:H(+) symporter
rutF	b1007	1069859	1070354	-1	FMN reductase RutF
rutE	b1008	1070364	1070955	-1	putative malonic semialdehyde reductase
rutD	b1009	1070964	1071765	-1	putative aminoacrylate hydrolase RutD
rutC	b1010	1071772	1072159	-1	3-aminoacrylate deaminase
rutB	b1011	1072170	1072863	-1	ureidoacrylate amidohydrolase
rutA	b1012	1072862	1074011	-1	pyrimidine monooxygenase RutA
rutR	b1013	1074241	1074880	1	DNA-binding transcriptional regulator RutR
putA	b1014	1074919	1078882	-1	fused DNA-binding transcriptional repressor/proline dehydrogenase/1-pyrroline-5-carboxylate dehydrogenase PutA
ymdG	b4737	1079119	1079146	1	protein YmdG
putP	b1015	1079304	1080813	1	proline:Na(+) symporter
efeO	b1018	1082242	1083370	1	Fe(2(+)) transport system protein EfeO
efeB	b1019	1083375	1084647	1	heme-containing peroxidase/deferrochelatase
phoH	b1020	1084991	1086056	1	ATP-binding protein PhoH
pgaD	b1021	1086105	1086519	-1	poly-N-acetyl-D-glucosamine synthase subunit PgaD
pgaC	b1022	1086520	1087846	-1	poly-N-acetyl-D-glucosamine synthase subunit PgaC
pgaB	b1023	1087838	1089857	-1	poly-beta-1,6-N-acetyl-D-glucosamine N-deacetylase and beta-1,6 glycoside hydrolase
pgaA	b1024	1089865	1092289	-1	partially deacetylated poly-beta-1,6-N-acetyl-D-glucosamine export outer membrane porin
dgcT	b1025	1092875	1094234	1	putative diguanylate cyclase DgcT
insF4	b1026	1094274	1095141	-1	IS3 element protein InsF
insE4	b1027	1095137	1095437	-1	IS3 element protein InsE
ycdU	b1029	1095842	1096829	1	uncharacterized protein YcdU
ghrA	b1033	1097885	1098824	1	glyoxylate/hydroxypyruvate reductase A
ycdX	b1034	1098878	1099616	1	zinc-binding phosphatase YcdX
ycdY	b1035	1099639	1100194	1	chaperone protein YcdY
ycdZ	b1036	1100295	1100787	1	inner membrane protein YcdZ
csgG	b1037	1100850	1101684	-1	curli secretion channel
csgF	b1038	1101710	1102127	-1	curli assembly component CsgF
csgE	b1039	1102151	1102541	-1	curli assembly component CsgE
csgD	b1040	1102545	1103196	-1	DNA-binding transcriptional dual regulator CsgD
csgB	b1041	1103950	1104406	1	curlin, minor subunit
csgA	b1042	1104446	1104902	1	curlin
csgC	b1043	1104960	1105293	1	curlin chaperone
ymdA	b1044	1105413	1105725	1	uncharacterized protein YmdA
ymdB	b1045	1105819	1106353	1	2'-O-acetyl-ADP-ribose deacetylase, regulator of RNase III activity
clsC	b1046	1106354	1107776	1	cardiolipin synthase C
opgC	b1047	1107783	1108941	-1	osmoregulated periplasmic glucans (OPG) biosynthesis protein C
opgG	b1048	1109334	1110870	1	osmoregulated periplasmic glucans biosynthesis protein G
opgH	b1049	1110862	1113406	1	osmoregulated periplasmic glucans biosynthesis protein H
yceK	b1050	1113578	1113806	1	DUF1375 domain-containing lipoprotein YceK
msyB	b1051	1113806	1114181	-1	acidic protein MsyB
mdtG	b1053	1114263	1115490	-1	efflux pump MdtG
lpxL	b1054	1115661	1116582	-1	lauroyl acyltransferase
trhO	b1055	1116806	1117859	1	tRNA U34 hydroxylase TrhO
yceI	b1056	1117900	1118476	-1	protein YceI
yceJ	b1057	1118479	1119046	-1	putative cytochrome b561 YceJ
yceO	b1058	1119306	1119447	-1	DUF2770 domain-containing protein YceO
solA	b1059	1119467	1120586	-1	N-methyl-L-tryptophan oxidase
bssS	b1060	1120700	1120955	-1	regulator of biofilm formation
dinI	b1061	1121241	1121487	-1	DNA damage-inducible protein I
pyrC	b1062	1121560	1122607	-1	dihydroorotase
yceB	b1063	1122712	1123273	-1	putative lipid-binding lipoprotein YceB
grxB	b1064	1123406	1124054	-1	reduced glutaredoxin 2
mdtH	b1065	1124117	1125326	-1	multidrug efflux pump MdtH
rimJ	b1066	1125561	1126146	1	ribosomal-protein-S5-alanine N-acetyltransferase
yceH	b1067	1126156	1126804	1	DUF480 domain-containing protein YceH
yceM	b1068	1126805	1127729	1	putative oxidoreductase YceM
murJ	b1069	1127838	1129374	1	lipid II flippase MurJ
flgN	b1070	1129413	1129830	-1	flagellar biosynthesis protein FlgN
flgM	b1071	1129834	1130128	-1	anti-sigma factor for FliA (sigma(28))
flgA	b1072	1130203	1130863	-1	flagellar basal body P-ring formation protein FlgA
flgB	b1073	1131017	1131434	1	flagellar basal-body rod protein FlgB
flgC	b1074	1131437	1131842	1	flagellar basal-body rod protein FlgC
flgD	b1075	1131853	1132549	1	flagellar biosynthesis, initiation of hook assembly
flgE	b1076	1132573	1133782	1	flagellar hook protein FlgE
flgF	b1077	1133801	1134557	1	flagellar basal-body rod protein FlgF
flgG	b1078	1134728	1135511	1	flagellar basal-body rod protein FlgG
flgH	b1079	1135563	1136262	1	flagellar L-ring protein
flgI	b1080	1136273	1137371	1	flagellar P-ring protein
flgJ	b1081	1137370	1138312	1	putative peptidoglycan hydrolase FlgJ
flgK	b1082	1138377	1140021	1	flagellar hook-filament junction protein 1
flgL	b1083	1140032	1140986	1	flagellar hook-filament junction protein 2
rne	b1084	1141181	1144367	-1	ribonuclease E
yceQ	b1085	1144501	1144822	1	DUF2655 domain-containing protein YceQ
rluC	b1086	1144939	1145899	1	23S rRNA pseudouridine(955/2504/2580) synthase
yceF	b1087	1146010	1146595	-1	m(7)GTP pyrophosphatase
yceD	b1088	1146793	1147315	1	DUF177 domain-containing protein YceD
rpmF	b1089	1147366	1147540	1	50S ribosomal subunit protein L32
plsX	b1090	1147620	1148691	1	putative phosphate acyltransferase
fabH	b1091	1148758	1149712	1	3-oxoacyl-[acyl carrier protein] synthase 3
fabD	b1092	1149727	1150657	1	[acyl-carrier-protein] S-malonyltransferase
fabG	b1093	1150669	1151404	1	3-oxoacyl-[acyl-carrier-protein] reductase FabG
acpP	b1094	1151614	1151851	1	acyl carrier protein
fabF	b1095	1151938	1153180	1	3-oxoacyl-[acyl carrier protein] synthase 2
pabC	b1096	1153299	1154109	1	aminodeoxychorismate lyase
mltG	b1097	1154111	1155134	1	endolytic murein transglycosylase
tmk	b1098	1155123	1155765	1	Tmk
holB	b1099	1155761	1156766	1	DNA polymerase III subunit delta'
ycfH	b1100	1156776	1157574	1	putative metal-dependent hydrolase YcfH
ptsG	b1101	1157868	1159302	1	glucose-specific PTS enzyme IIBC component
fhuE	b1102	1159361	1161551	-1	ferric coprogen/ferric rhodotorulic acid outer membrane transporter
hinT	b1103	1161884	1162244	1	purine nucleoside phosphoramidase
ycfL	b1104	1162246	1162624	1	DUF1425 domain-containing protein YcfL
lpoB	b1105	1162637	1163279	1	outer membrane lipoprotein - activator of MrcB activity
thiK	b1106	1163259	1164084	1	thiamine kinase
nagZ	b1107	1164094	1165120	1	beta-N-acetylglucosaminidase
ycfP	b1108	1165142	1165685	1	PF05728 family protein YcfP
ndh	b1109	1166084	1167389	1	NADH:quinone oxidoreductase II
ycfJ	b1110	1167598	1168138	1	PF05433 family protein YcfJ
comR	b1111	1168199	1168832	-1	DNA-binding transcriptional repressor ComR
bhsA	b1112	1169072	1169330	1	DUF1471 domain-containing multiple stress resistance outer membrane protein BhsA
ldtC	b1113	1169411	1170374	-1	L,D-transpeptidase LdtC
mfd	b1114	1170517	1173964	-1	transcription-repair coupling factor
ycfT	b1115	1174091	1175165	-1	inner membrane protein YcfT
lolC	b1116	1175426	1176626	1	lipoprotein release complex - inner membrane subunit
lolD	b1117	1176618	1177320	1	lipoprotein release complex - ATP binding subunit
lolE	b1118	1177319	1178564	1	lipoprotein release complex - inner membrane subunit
nagK	b1119	1178592	1179504	1	N-acetyl-D-glucosamine kinase
cobB	b1120	1179519	1180359	1	protein-lysine deacetylase/desuccinylase/lipoamidase
cobB	b1120	1179630	1180359	1	CobB-S
ycfZ	b1121	1180478	1181267	-1	putative inner membrane protein YcfZ
ymfA	b1122	1181263	1181725	-1	putative inner membrane protein YmfA
potD	b1123	1181782	1182829	-1	spermidine preferential ABC transporter periplasmic binding protein
potC	b1124	1182825	1183620	-1	spermidine preferential ABC transporter membrane subunit PotC
potB	b1125	1183616	1184444	-1	spermidine preferential ABC transporter membrane subunit PotB
potA	b1126	1184457	1185594	-1	spermidine preferential ABC transporter ATP binding subunit
pepT	b1127	1185843	1187070	1	peptidase T
roxA	b1128	1187118	1188240	-1	50S ribosomal protein L16-arginine 3-hydroxylase
phoQ	b1129	1188315	1189776	-1	sensor histidine kinase PhoQ
phoP	b1130	1189775	1190447	-1	DNA-binding transcriptional dual regulator PhoP
purB	b1131	1190615	1191986	-1	adenylosuccinate lyase
hflD	b1132	1191989	1192631	-1	lysogenization regulator
mnmA	b1133	1192666	1193773	-1	tRNA-specific 2-thiouridylase
nudJ	b1134	1193826	1194288	-1	phosphatase NudJ
rluE	b1135	1194297	1194951	-1	23S rRNA pseudouridine(2457) synthase
icd	b1136	1195122	1196373	1	isocitrate dehydrogenase
ymfD	b1137	1196866	1197532	-1	putative SAM-dependent methyltransferase YmfD
ymfE	b1138	1197532	1198237	-1	uncharacterized protein YmfE
lit	b1139	1198694	1199588	1	cell death peptidase Lit
intE	b1140	1199678	1200806	-1	putative integrase
xisE	b1141	1200786	1201032	-1	putative excisionase
ymfH	b1142	1201068	1201380	-1	putative protein YmfH
ymfI	b1143	1201496	1201838	1	uncharacterized protein YmfI
ymfJ	b1144	1201775	1202084	-1	uncharacterized protein YmfJ
ymfK	b1145	1202258	1202933	-1	putative repressor protein YmfK
ymfT	b1146	1203023	1203224	1	putative DNA-binding transcriptional regulator YmfT
ymfL	b1147	1203267	1203825	1	uncharacterized protein YmfL
ymfM	b1148	1203821	1204160	1	cell division inhibitor YmfM
ymfN	b1149	1204169	1205537	1	chimeric replication protein/phage terminase YmfN
ymfR	b1150	1205548	1205731	1	IPR020297 domain-containing protein YmfR
beeE	b1151	1205730	1206204	1	protein BeeE
ymfQ	b1153	1206912	1207497	1	DUF2313 domain-containing protein YmfQ
ycfK	b1154	1207500	1208130	1	protein StfP
tfaP	b1155	1208131	1208545	1	putative tail fiber assembly protein TfaP
tfaE	b1156	1208516	1209119	-1	putative tail fiber assembly protein TfaE
pinE	b1158	1209684	1210239	1	site-specific DNA recombinase
mcrA	b1159	1210345	1211179	1	Type IV methyl-directed restriction enzyme EcoKMcrA
iraM	b1160	1211679	1212003	-1	anti-adaptor protein IraM
ymgK	b4738	1212259	1212304	-1	protein YmgK
ymgL	b4739	1212539	1212650	-1	protein YmgL
ycgX	b1161	1212702	1213107	-1	DUF1398 domain-containing protein YcgX
bluR	b1162	1213327	1214059	-1	DNA-binding transcriptional repressor BluR
bluF	b1163	1214263	1215475	-1	blue light- and temperature-regulated antirepressor BluF
ycgZ	b1164	1215788	1216025	1	putative two-component system connector protein YcgZ
ymgA	b1165	1216067	1216340	1	putative two-component system connector protein YmgA
ariR	b1166	1216368	1216635	1	putative two-component system connector protein AriR
ymgC	b1167	1216747	1216996	1	protein YmgC
pdeG	b1168	1217327	1218851	1	putative cyclic di-GMP phosphodiesterase PdeG
ymgF	b4520	1218982	1219201	1	division septum component YmgF
ymgD	b1171	1222304	1222634	-1	PF16456 family protein YmgD
ymgG	b1172	1222643	1222988	-1	PF13436 family protein YmgG
ymgI	b4593	1222989	1223163	-1	uncharacterized protein YmgI
ymgJ	b4594	1223263	1223449	1	uncharacterized protein YmgJ
minE	b1174	1224278	1224545	-1	Z-ring positioning protein MinE
minD	b1175	1224548	1225361	-1	Z-ring positioning protein MinD
minC	b1176	1225384	1226080	-1	Z-ring positioning protein MinC
ycgJ	b1177	1226599	1226968	1	PF05666 family protein YcgJ
pliG	b1178	1227070	1227472	-1	inhibitor of g-type lysozyme
ymgN	b4816	1227367	1227427	1	protein YmgN
ycgL	b1179	1227680	1228007	1	PF05166 family protein YcgL
ycgM	b1180	1228078	1228738	1	oxaloacetate tautomerase
ycgN	b1181	1228814	1229276	1	putative metal-chelating domain-containing protein YcgN
hlyE	b1182	1229482	1230394	-1	hemolysin E
umuD	b1183	1230766	1231186	1	DNA polymerase V protein UmuD
umuC	b1184	1231185	1232454	1	DNA polymerase V catalytic protein
dsbB	b1185	1232499	1233030	-1	protein thiol:quinone oxidoreductase DsbB
nhaB	b1186	1233175	1234717	-1	Na(+):H(+) antiporter NhaB
fadR	b1187	1234937	1235657	1	DNA-binding transcriptional dual regulator FadR
ycgB	b1188	1235708	1237241	-1	PF04293 family protein YcgB
dadA	b1189	1237570	1238869	1	D-amino acid dehydrogenase
dadX	b1190	1238878	1239949	1	alanine racemase 2
ymgM	b4740	1240259	1240463	1	protein YmgM
cvrA	b1191	1240334	1242071	-1	putative K(+):H(+) antiporter
ldcA	b1192	1242165	1243080	-1	murein tetrapeptide carboxypeptidase
emtA	b1193	1243179	1243791	1	lytic murein transglycosylase E
ycgR	b1194	1243792	1244527	-1	flagellar brake protein YcgR
ymgE	b1195	1244727	1244982	1	PF04226 family protein YmgE
ycgY	b1196	1245159	1245600	1	uncharacterized protein YcgY
treA	b1197	1245678	1247376	-1	periplasmic trehalase
dhaM	b1198	1247695	1249114	-1	dihydroxyacetone kinase subunit M
dhaL	b1199	1249124	1249757	-1	dihydroxyacetone kinase subunit L
dhaK	b1200	1249767	1250838	-1	dihydroxyacetone kinase subunit K
dhaR	b1201	1251065	1252985	1	DNA-binding transcriptional dual regulator DhaR
ycgV	b1202	1253084	1255952	-1	putative autotransporter adhesin YcgV
ychF	b1203	1256720	1257812	-1	redox-responsive ATPase YchF
pth	b1204	1257928	1258513	-1	peptidyl-tRNA hydrolase
ychH	b1205	1258790	1259069	1	stress-induced protein
dauA	b1206	1259123	1260803	-1	aerobic C4-dicarboxylate transporter DauA
prs	b1207	1260927	1261875	-1	ribose-phosphate diphosphokinase
ispE	b1208	1262025	1262877	-1	4-(cytidine 5'-diphospho)-2-C-methyl-D-erythritol kinase
lolB	b1209	1262876	1263500	-1	outer membrane lipoprotein LolB
hemA	b1210	1263713	1264970	1	glutamyl-tRNA reductase
prfA	b1211	1265011	1266094	1	peptide chain release factor RF1
prmC	b1212	1266093	1266927	1	protein-(glutamine-N(5)) methyltransferase
ychQ	b1213	1266923	1267316	1	SirB family protein YchQ
ychA	b1214	1267319	1268129	1	transglutaminase-like/TPR repeat-containing protein
kdsA	b1215	1268164	1269019	1	3-deoxy-D-manno-octulosonate 8-phosphate synthase
ldrA	b4419	1269167	1269275	-1	small toxic polypeptide LdrA
ldrB	b4421	1269702	1269810	-1	small toxic polypeptide LdrB
ldrC	b4423	1270237	1270345	-1	small toxic polypeptide LdrC
chaA	b1216	1270748	1271849	-1	Na(+)/K(+):H(+) antiporter ChaA
chaB	b1217	1272118	1272349	1	putative cation transport regulator ChaB
chaC	b1218	1272506	1273202	1	glutathione-specific gamma-glutamylcyclotransferase
ychN	b1219	1273245	1273599	-1	DsrE/F sulfur relay family protein YchN
ychO	b1220	1273783	1275178	1	putative invasin YchO
narL	b1221	1275178	1275829	-1	DNA-binding transcriptional dual regulator NarL
narX	b1222	1275821	1277618	-1	sensor histidine kinase NarX
narK	b1223	1277956	1279348	1	nitrate:nitrite antiporter NarK
narG	b1224	1279863	1283607	1	nitrate reductase A subunit alpha
narH	b1225	1283603	1285142	1	nitrate reductase A subunit beta
narJ	b1226	1285138	1285849	1	nitrate reductase 1 molybdenum cofactor assembly chaperone
narI	b1227	1285848	1286526	1	nitrate reductase A subunit gamma
ychS	b1228	1286708	1286984	1	putative uncharacterized protein YchS
tpr	b1229	1287086	1287176	-1	protamine-like protein
purU	b1232	1287781	1288624	-1	formyltetrahydrofolate deformylase
ychJ	b1233	1288673	1289132	-1	NTF2-like domain-containing protein YchJ
rssA	b1234	1289244	1290150	1	putative patatin-like phospholipase RssA
rssB	b1235	1290241	1291255	1	regulator of RpoS
galU	b1236	1291456	1292365	1	UTP--glucose-1-phosphate uridylyltransferase
hns	b1237	1292508	1292922	-1	DNA-binding transcriptional dual regulator H-NS
tdk	b1238	1293526	1294144	1	thymidine/deoxyuridine kinase
adhE	b1241	1295445	1298121	-1	fused acetaldehyde-CoA dehydrogenase and Fe-dependent alcohol dehydrogenasealdehyde/alcohol dehydrogenase AdhE
ychT	b4771	1298513	1298567	1	protein YchT
ychE	b1242	1298597	1299245	1	MarC family putative inner membrane protein YchE
insH21	b4711	1299566	1300547	1	IS5 transposase and trans-activator
oppA	b1243	1301181	1302813	1	oligopeptide ABC transporter periplasmic binding protein
oppB	b1244	1302898	1303819	1	murein tripeptide ABC transporter/oligopeptide ABC transporter inner membrane subunit OppB
oppC	b1245	1303833	1304742	1	murein tripeptide ABC transporter/oligopeptide ABC transporter inner membrane subunit OppC
oppD	b1246	1304753	1305767	1	murein tripeptide ABC transporter/oligopeptide ABC transporter ATP binding subunit OppD
oppF	b1247	1305763	1306768	1	murein tripeptide ABC transporter/oligopeptide ABC transporter ATP binding subunit OppF
yciU	b1248	1306820	1307150	-1	DUF440 domain-containing protein YciU
clsA	b1249	1307184	1308645	-1	cardiolipin synthase A
yciY	b4595	1308787	1308961	1	uncharacterized protein YciY
kch	b1250	1309015	1310269	-1	K(+) channel Kch
yciI	b1251	1310568	1310865	-1	protein YciI
tonB	b1252	1311088	1311808	1	Ton complex subunit TonB
yciA	b1253	1311847	1312246	-1	acyl-CoA thioesterase YciA
yciB	b1254	1312350	1312890	-1	inner membrane protein YciB
yciC	b1255	1312919	1313663	-1	putative inner membrane protein
ompW	b1256	1314019	1314658	1	outer membrane protein W
yciE	b1257	1314717	1315224	-1	DUF892 domain-containing protein YciE
yciF	b1258	1315269	1315770	-1	DUF892 domain-containing protein YciF
yciG	b1259	1315855	1316035	-1	stress-induced bacterial acidophilic repeat motifs-containing protein YciG
trpA	b1260	1316415	1317222	-1	tryptophan synthase subunit alpha
trpB	b1261	1317221	1318415	-1	tryptophan synthase subunit beta
trpC	b1262	1318426	1319788	-1	fused indole-3-glycerol phosphate synthase/phosphoribosylanthranilate isomerase
trpD	b1263	1319788	1321384	-1	anthranilate synthase subunit TrpD
trpE	b1264	1321383	1322946	-1	anthranilate synthase subunit TrpE
trpL	b1265	1323037	1323082	-1	trp operon leader peptide
rnm	b1266	1323219	1324101	1	RNase AM
yciO	b1267	1324097	1324718	1	putative RNA-binding protein YciO
yciQ	b1268	1324745	1326641	1	DUF2207 domain-containing protein YciQ
rluB	b1269	1326851	1327727	1	23S rRNA pseudouridine(2605) synthase
btuR	b1270	1327766	1328357	-1	cobinamide/cobalamin adenosyltransferase
yciK	b1271	1328353	1329112	-1	putative oxidoreductase
sohB	b1272	1329331	1330381	1	S49 peptidase family protein
yciN	b1273	1330416	1330668	-1	protein YciN
topA	b1274	1331047	1333645	1	DNA topoisomerase I
cysB	b1275	1333854	1334829	1	DNA-binding transcriptional dual regulator CysB
ymiA	b4522	1335147	1335288	1	uncharacterized protein YmiA
yciX	b4523	1335290	1335458	1	uncharacterized protein YciX
ymiC	b4741	1335571	1335667	1	protein YmiC
acnA	b1276	1335830	1338506	1	aconitate hydratase 1
ribA	b1277	1338569	1339160	-1	GTP cyclohydrolase 2
pgpB	b1278	1339329	1340094	1	phosphatidylglycerophosphatase B
lapA	b1279	1340242	1340551	1	lipopolysaccharide assembly protein A
lapB	b1280	1340557	1341727	1	lipopolysaccharide assembly protein B
pyrF	b1281	1341920	1342658	1	orotidine-5'-phosphate decarboxylase
yciH	b1282	1342657	1342984	1	putative translation factor
osmB	b1283	1343109	1343328	-1	osmotically-inducible lipoprotein OsmB
yciT	b1284	1343596	1344346	-1	DNA-binding transcriptional dual regulator YciT
yciZ	b4596	1344435	1344609	-1	UPF0509 family protein YciZ
ymiD	b4772	1344646	1344775	1	protein YmiD
pdeR	b1285	1344756	1346742	-1	cyclic di-GMP phosphodiesterase PdeR
ymiB	b4672	1346795	1346900	1	putative protein YmiB
rnb	b1286	1346977	1348912	-1	RNase II
yciW	b1287	1348979	1350107	-1	putative peroxidase YciW
fabI	b1288	1350250	1351039	-1	enoyl-[acyl-carrier-protein] reductase
ycjD	b1289	1351406	1351760	-1	DUF559 domain-containing protein YcjD
sapF	b1290	1351827	1352634	-1	putrescine ABC exporter ATP binding protein SapF
sapD	b1291	1352635	1353628	-1	putrescine ABC exporter ATP binding protein SapD
sapC	b1292	1353627	1354518	-1	putrescine ABC exporter membrane protein SapC
sapB	b1293	1354504	1355470	-1	putrescine ABC exporter membrane subunit SapB
sapA	b1294	1355466	1357110	-1	putative periplasmic binding protein SapA
ymjA	b1295	1357422	1357668	-1	DUF2543 domain-containing protein YmjA
puuP	b1296	1357801	1359187	-1	putrescine:H(+) symporter PuuP
ymjE	b4742	1359176	1359341	-1	protein YmjE
puuA	b1297	1359489	1360908	-1	glutamate-putrescine ligase
puuD	b1298	1361119	1361884	1	gamma-glutamyl-gamma-aminobutyrate hydrolase
puuR	b1299	1361910	1362468	1	DNA-binding transcriptional repressor PuuR
puuC	b1300	1362742	1364230	1	gamma-glutamyl-gamma-aminobutyraldehyde dehydrogenase
puuB	b1301	1364231	1365512	1	gamma-glutamylputrescine oxidase
puuE	b1302	1365549	1366815	1	4-aminobutyrate aminotransferase PuuE
pspF	b1303	1366934	1367912	-1	DNA-binding transcriptional dual regulator PspF
pspA	b1304	1368078	1368747	1	phage shock protein A
pspB	b1305	1368800	1369025	1	phage shock protein B
pspC	b1306	1369024	1369384	1	phage shock protein C
pspD	b1307	1369392	1369614	1	phage shock protein D
pspE	b1308	1369688	1370003	1	thiosulfate sulfurtransferase PspE
ycjM	b1309	1370215	1371895	1	glucosylglycerate phosphorylase
ycjN	b1310	1371908	1373201	1	putative ABC transporter periplasmic binding protein YcjN
ycjO	b1311	1373221	1374103	1	putative ABC transporter membrane subunit YcjO
ycjP	b1312	1374089	1374932	1	putative ABC transporter membrane subunit YcjP
ycjQ	b1313	1374962	1376015	1	D-guloside 3-dehydrogenase
ycjR	b1314	1376033	1376822	1	3-dehydro-D-guloside 4-epimerase
ycjS	b1315	1376831	1377887	1	D-glucoside 3-dehydrogenase
ycjT	b1316	1377883	1380151	1	kojibiose phosphorylase
ycjU	b1317	1380147	1380807	1	beta-phosphoglucomutase
ompG	b1319	1381946	1382852	1	outer membrane porin G
ycjW	b1320	1382962	1383961	-1	DNA-binding transcriptional repressor YcjW
ycjX	b1321	1384116	1385514	1	DUF463 domain-containing protein YcjX
ycjF	b1322	1385510	1386572	1	DUF697 domain-containing inner membrane protein YcjF
tyrR	b1323	1386719	1388261	1	DNA-binding transcriptional dual regulator TyrR
tpx	b1324	1388304	1388811	-1	lipid hydroperoxide peroxidase
ycjG	b1325	1388929	1389895	1	L-Ala-D/L-Glu epimerase
mpaA	b1326	1389869	1390598	-1	murein tripeptide amidase A
ymjC	b4525	1390679	1390862	-1	putative uncharacterized protein YmjC
ymjD	b4673	1390867	1390933	-1	uncharacterized protein YmjD
ycjY	b1327	1390932	1391853	-1	putative hydrolase YcjY
pgrR	b1328	1391990	1392890	1	DNA-binding transcriptional repressor PgrR
mppA	b1329	1393226	1394840	1	murein tripeptide ABC transporter periplasmic binding protein
ynaI	b1330	1394890	1395922	-1	small conductance mechanosensitive channel YnaI
insH4	b1331	1396111	1397092	1	IS5 transposase and trans-activator
ynaJ	b1332	1397364	1397622	1	DUF2534 domain-containing protein YnaJ
uspE	b1333	1397671	1398622	-1	universal stress protein E
fnr	b1334	1398773	1399526	-1	DNA-binding transcriptional dual regulator FNR
ogt	b1335	1399720	1400236	-1	methylated-DNA--[protein]-cysteine S-methyltransferase
abgT	b1336	1400246	1401773	-1	p-aminobenzoyl glutamate:H(+) symporter
abgB	b1337	1401809	1403255	-1	p-aminobenzoyl-glutamate hydrolase subunit B
abgA	b1338	1403254	1404565	-1	p-aminobenzoyl-glutamate hydrolase subunit A
abgR	b1339	1404740	1405649	1	putative LysR-type DNA-binding transcriptional regulator AbgR
smrA	b1340	1405978	1406542	1	DNA endonuclease SmrA
dgcM	b1341	1406562	1407795	-1	diguanylate cyclase DgcM
ynaN	b4773	1407988	1408036	1	protein YnaN
zntB	b1342	1408049	1409033	1	Zn(2(+)):H(+) symporter
ynaL	b4743	1409307	1409481	1	protein YnaL
dbpA	b1343	1409510	1410884	1	ATP-dependent RNA helicase DbpA
ttcA	b1344	1411012	1411948	-1	tRNA cytosine(32) 2-sulfurtransferase TtcA
intR	b1345	1411999	1413235	-1	putative integrase
xisR	b1346	1413236	1413452	-1	excisionase
rcbA	b1347	1413530	1413740	-1	double-strand break reduction protein
ralR	b1348	1413732	1413927	-1	endodeoxyribonuclease toxin RalR
recT	b1349	1413983	1414793	-1	recombinase RecT
recE	b1350	1414785	1417386	-1	exonuclease VIII, ds DNA exonuclease, 5' --> 3' specific
racC	b1351	1417487	1417763	-1	protein RacC
ydaE	b4526	1417837	1418008	-1	zinc-binding protein
kilR	b1352	1418007	1418229	-1	inhibitor of FtsZ
sieB	b1353	1418670	1419159	1	phage superinfection exclusion protein
ydaF	b4527	1419155	1419311	-1	DUF1391 domain-containing protein YdaF
ydaG	b1355	1419321	1419456	-1	uncharacterized protein YdaG
racR	b1356	1419764	1420241	-1	DNA-binding transcriptional regulator RacR
ydaS	b1357	1420364	1420661	1	putative DNA-binding transcriptional regulator YdaS
ydaT	b1358	1420683	1421106	1	DNA binding transcriptional activator YdaT
ydaU	b1359	1421118	1421976	1	DUF1376 domain-containing protein YdaU
ydaV	b1360	1421982	1422729	1	putative ATP-binding protein YdaV
ydaW	b1361	1422751	1423312	1	putative uncharacterized protein YdaW
rzoR	b4528	1423399	1423585	1	putative prophage outer membrane lipoprotein RzoR
trkG	b1363	1423781	1425239	1	Na(+)-dependent K(+) transporter TrkG
ynaK	b1365	1425376	1425640	1	ParB-like nuclease domain-containing protein YnaK
ydaY	b1366	1425620	1425980	1	putative uncharacterized protein YdaY
ynaA	b1368	1426453	1427482	1	putative prophage tail length tape measure domain-containing protein YnaA
lomR	b4570	1427388	1428984	1	Rac prophage; protein LomR_1
insH5	b1370	1427745	1428726	-1	IS5 transposase and trans-activator
stfR	b1372	1429048	1432411	1	putative prophage side tail fiber protein StfR
tfaR	b1373	1432410	1432986	1	putative tail fiber assembly protein TfaR
pinR	b1374	1433083	1433674	-1	putative site-specific recombinase
ynaE	b1375	1433990	1434224	-1	uncharacterized protein YnaE
ynaM	b4744	1434292	1434406	-1	protein YnaM
uspF	b1376	1435184	1435619	-1	universal stress protein F
ompN	b1377	1435759	1436893	-1	outer membrane porin N
ydbK	b1378	1437259	1440784	-1	putative pyruvate-flavodoxin oxidoreductase
ydbJ	b4529	1441057	1441324	1	DUF333 domain-containing protein YdbJ
hslJ	b1379	1441320	1441743	-1	lipoprotein implicated in Novobiocin resistance
ldhA	b1380	1441853	1442843	-1	D-lactate dehydrogenase
ydbH	b1381	1443050	1445690	1	putative intermembrane phospholipid transport protein YdbH
ynbE	b1382	1445686	1445872	1	putative intermembrane phospholipid transport lipoprotein YnbE
ydbL	b1383	1445879	1446206	1	DUF1318 domain-containing protein YdbL
feaR	b1384	1446377	1447283	-1	DNA-binding transcriptional activator FeaR
feaB	b1385	1447518	1449018	1	phenylacetaldehyde dehydrogenase
tynA	b1386	1449075	1451349	-1	copper-containing amine oxidase
paaZ	b1387	1451596	1453642	-1	fused 3-oxo-5,6-dehydrosuberyl-CoA semialdehyde dehydrogenase and oxepin-CoA hydrolase
paaA	b1388	1453926	1454856	1	phenylacetyl-CoA 1,2-epoxidase, monooxygenase subunit
paaB	b1389	1454867	1455155	1	phenylacetyl-CoA 1,2-epoxidase subunit B
paaC	b1390	1455163	1455910	1	phenylacetyl-CoA 1,2-epoxidase, structural subunit
paaD	b1391	1455924	1456422	1	phenylacetate degradation protein
paaE	b1392	1456429	1457500	1	phenylacetyl-CoA 1,2-epoxidase, reductase subunit
paaF	b1393	1457496	1458264	1	putative 2,3-dehydroadipyl-CoA hydratase
paaG	b1394	1458263	1459052	1	putative ring 1,2-epoxyphenylacetyl-CoA isomerase (oxepin-CoA forming)
paaH	b1395	1459053	1460481	1	3-hydroxyadipyl-CoA dehydrogenase
paaI	b1396	1460470	1460893	1	phenylacetyl-CoA thioesterase
paaJ	b1397	1460892	1462098	1	beta-ketoadipyl-CoA thiolase
paaK	b1398	1462124	1463438	1	phenylacetate-CoA ligase
paaX	b1399	1463538	1464489	1	DNA-binding transcriptional repressor PaaX
paaY	b1400	1464470	1465061	1	2-hydroxycyclohepta-1,4,6-triene-1-carboxyl-CoA thioesterase
ynbG	b4674	1465164	1465230	-1	uncharacterized protein YnbG
ydbA	b4492	1465391	1474013	1	putative outer membrane protein, N-terminal fragment
insD2	b1402	1467920	1468826	-1	IS2 insertion element protein InsB
insC2	b1403	1468783	1469149	-1	IS2 insertion element repressor InsA
insI2	b1404	1469357	1470509	1	IS30 transposase
pdxI	b1406	1474220	1475081	1	pyridoxal reductase
ydbD	b1407	1475143	1477450	1	DUF2773 domain-containing protein YdbD
ynbA	b1408	1477620	1478226	1	CDP-alcohol phosphatidyltransferase domain-containing protein YnbA
ynbB	b1409	1478225	1479122	1	putative CDP-diglyceride synthase
ynbC	b1410	1479137	1480895	1	hydrolase/methyltransferase domain-containing protein YnbC
ynbD	b1411	1480908	1482201	1	phosphatase domain-containing protein YnbD
azoR	b1412	1482254	1482860	-1	FMN dependent NADH:quinone oxidoreductase
hrpA	b1413	1483060	1486963	1	ATP-dependent 3'->5' RNA helicase HrpA
ydcF	b1414	1487234	1488035	1	DUF218 domain-containing protein YdcF
aldA	b1415	1488231	1489671	1	aldehyde dehydrogenase A
cybB	b1418	1490901	1491432	1	superoxide oxidase
ydcA	b1419	1491676	1491850	1	protein YdcA
yncP	b4774	1491875	1491944	1	protein YncP
hokB	b4428	1491921	1492071	-1	toxin HokB
mokB	b1420	1491961	1492129	-1	putative regulatory protein MokB
trg	b1421	1492469	1494110	1	methyl-accepting chemotaxis protein Trg
ydcI	b1422	1494147	1495071	-1	DNA-binding transcriptional dual regulator YdcI
ydcJ	b1423	1495287	1496631	1	DUF1338 domain-containing protein YdcJ
opgD	b1424	1496855	1498511	1	glucans biosynthesis protein D
ydcH	b1426	1498650	1498875	1	DUF465 domain-containing protein YdcH
rimL	b1427	1498937	1499477	1	ribosomal-protein-L12-serine N-acetyltransferase
ydcK	b1428	1499468	1500449	-1	putative acyltransferase YdcK
tehA	b1429	1500572	1501565	1	tellurite resistance protein
tehB	b1430	1501561	1502155	1	tellurite methyltransferase
ydcL	b1431	1502456	1503125	1	DUF3313 domain-containing lipoprotein YdcL
insQ	b1432	1503656	1504865	1	putative RNA-guided DNA endonuclease InsQ
ydcO	b1433	1504904	1506080	-1	putative transport protein YdcO
sutR	b1434	1506171	1506708	1	DNA-binding transcriptional dual regulator SutR
rlhA	b1435	1506780	1508742	1	23S rRNA 5-hydroxycytidine C2501 synthase
yncJ	b1436	1508833	1509064	-1	DUF2554 domain-containing protein YncJ
hicA	b4532	1509285	1509462	1	mRNA interferase toxin HicA
hicB	b1438	1509507	1509924	1	antitoxin of the HicA-HicB toxin-antitoxin system/ DNA-binding transcriptional repressor HicB
ydcR	b1439	1510002	1511409	1	fused putative DNA-binding transcriptional regulator/putative aminotransferase YdcR
ydcS	b1440	1511653	1512799	1	putative ABC transporter periplasmic binding protein/polyhydroxybutyrate synthase
ydcT	b1441	1512816	1513830	1	putative ABC transporter ATP-binding protein YdcT
ydcU	b1442	1513830	1514772	1	putative ABC transporter membrane subunit YdcU
ydcV	b1443	1514761	1515556	1	putative ABC transporter membrane subunit YdcV
patD	b1444	1515577	1517002	1	gamma-aminobutyraldehyde dehydrogenase
yncL	b4598	1517098	1517194	-1	uncharacterized protein YncL
ortT	b1445	1517388	1517562	1	orphan toxin OrtT
ydcY	b1446	1517647	1517881	1	DUF2526 domain-containing protein YdcY
ydcZ	b1447	1517881	1518331	-1	putative transport protein YdcZ
mnaT	b1448	1518327	1518846	-1	L-amino acid N-acyltransferase
curA	b1449	1519026	1520064	1	NADPH-dependent curcumin/dihydrocurcumin reductase
mcbR	b1450	1520261	1520927	1	DNA-binding transcriptional dual regulator McbR
pqqU	b1451	1520962	1523065	-1	pyrroloquinoline quinone outer membrane transporter
yncE	b1452	1523306	1524368	1	PQQ-like domain-containing protein YncE
ansP	b1453	1524480	1525980	-1	L-asparagine transporter
yncG	b1454	1526246	1526864	1	putative glutathione S-transferase YncG
yncH	b1455	1526939	1527152	1	DUF5445 domain-containing protein YncH
ydcD	b1457	1529921	1530404	1	uncharacterized protein YdcD
yncO	b4745	1530318	1530504	-1	protein YncO
ydcC	b1460	1531815	1532952	1	H repeat-associated putative transposase YdcC
pptA	b1461	1533051	1533285	1	tautomerase PptA
yddH	b1462	1533281	1533851	-1	flavin reductase-like protein YddH
nhoA	b1463	1534023	1534869	1	arylamine N-acetyltransferase
yddE	b1464	1534964	1535858	-1	PF02567 family protein YddE
narV	b1465	1535936	1536617	-1	nitrate reductase Z subunit gamma
narW	b1466	1536613	1537309	-1	NarW, putative private chaperone for NarZ nitrate reductase subunit
narY	b1467	1537308	1538853	-1	nitrate reductase Z subunit beta
narZ	b1468	1538849	1542590	-1	nitrate reductase Z subunit alpha
narU	b1469	1542671	1544060	-1	nitrate/nitrite transporter NarU
yddK	b1471	1544757	1545714	-1	leucine-rich repeat domain-containing protein YddK
yddL	b1472	1545737	1546028	-1	putative uncharacterized protein YddL
yddG	b1473	1546287	1547169	-1	amino acid exporter YddG
fdnG	b1474	1547400	1550448	1	formate dehydrogenase N subunit alpha
fdnH	b1475	1550460	1551345	1	formate dehydrogenase N subunit beta
fdnI	b1476	1551337	1551991	1	formate dehydrogenase N subunit gamma
yddM	b1477	1552397	1552682	-1	DNA-binding transcriptional regulator YddM
adhP	b1478	1552827	1553838	-1	ethanol dehydrogenase/alcohol dehydrogenase
maeA	b1479	1553971	1555669	-1	malate dehydrogenase (oxaloacetate-decarboxylating)
sra	b1480	1555825	1555963	-1	ribosome-associated protein Sra
bdm	b1481	1556064	1556280	-1	biofilm-dependent modulation protein
osmC	b1482	1556624	1557056	1	osmotically inducible peroxiredoxin OsmC
ddpF	b1483	1557111	1558038	-1	putative D,D-dipeptide ABC transporter ATP-binding subunit DdpF
ddpD	b1484	1558030	1559017	-1	putative D,D-dipeptide ABC transporter ATP-binding subunit DdpD
ddpC	b1485	1559013	1559910	-1	putative D,D-dipeptide ABC transporter membrane subunit DdpC
ddpB	b1486	1559906	1560929	-1	putative D,D-dipeptide ABC transporter membrane subunit DdpB
ddpA	b1487	1560930	1562481	-1	putative D,D-dipeptide ABC transporter periplasmic binding protein
ddpX	b1488	1562494	1563076	-1	D-alanyl-D-alanine dipeptidase
dosP	b1489	1563333	1565733	-1	oxygen-sensing c-di-GMP phosphodiesterase DosP
dosC	b1490	1565757	1567140	-1	diguanylate cyclase DosC
yddY	b4746	1567177	1567219	-1	protein YddY
digH	b1491	1567503	1568823	-1	divisome localized glycosyl hydrolase
gadC	b1492	1568953	1570489	-1	L-glutamate:4-aminobutyrate antiporter
gadB	b1493	1570644	1572045	-1	glutamate decarboxylase B
pqqL	b1494	1572406	1575202	-1	periplasmic metalloprotease
yddB	b1495	1575246	1577619	-1	putative TonB-dependent receptor YddB
yddA	b1496	1577656	1579342	-1	ABC transporter family protein YddA
yneP	b4747	1579544	1579667	1	protein YneP
ydeM	b1497	1579632	1580790	-1	putative anaerobic sulfatase maturation enzyme YdeM
ydeN	b1498	1580841	1582524	-1	putative sulfatase YdeN
ydeO	b1499	1582925	1583687	-1	DNA-binding transcriptional dual regulator YdeO
safA	b1500	1583761	1583959	-1	two-component system connector SafA
ydeP	b1501	1584206	1586486	-1	putative oxidoreductase YdeP
ydeQ	b1502	1586819	1587734	-1	putative fimbrial adhesin protein YdeQ
ydeR	b1503	1587792	1588296	-1	putative fimbrial protein YdeR
ydeS	b1504	1588308	1588839	-1	putative fimbrial protein YdeS
ydeT	b1505	1588852	1590001	-1	fimbrial usher domain-containing protein YdeT
hipA	b1507	1590853	1592176	-1	serine/threonine-protein kinase toxin HipA
hipB	b1508	1592175	1592442	-1	antitoxin/DNA-binding transcriptional repressor HipB
lsrK	b1511	1598616	1600209	-1	autoinducer-2 kinase
lsrR	b1512	1600287	1601241	-1	DNA-binding transcriptional repressor LsrR
lsrA	b1513	1601489	1603025	1	Autoinducer-2 ABC transporter ATP binding subunit
lsrC	b1514	1603018	1604047	1	Autoinducer-2 ABC transporter membrane subunit LsrC
lsrD	b1515	1604046	1605039	1	Autoinducer-2 ABC transporter membrane subunit LsrD
lsrB	b1516	1605050	1606073	1	Autoinducer-2 ABC transporter periplasmic binding protein
lsrF	b1517	1606099	1606975	1	3-hydroxy-2,4-pentadione 5-phosphate thiolase
lsrG	b1518	1606998	1607289	1	(4S)-4-hydroxy-5-phosphonooxypentane-2,3-dione isomerase
tam	b1519	1607345	1608104	1	trans-aconitate 2-methyltransferase
yneE	b1520	1608107	1609022	-1	PF01062 family inner membrane protein YneE
uxaB	b1521	1609228	1610680	-1	tagaturonate reductase
dgcF	b1522	1610906	1611854	-1	putative diguanylate cyclase DgcF
yneG	b1523	1611965	1612325	-1	DUF4186 domain-containing protein YneG
glsB	b1524	1612324	1613251	-1	glutaminase 2
sad	b1525	1613314	1614703	-1	succinate semialdehyde dehydrogenase (NAD(P)(+)) Sad
ptrR	b1526	1614803	1615685	1	putrescine utilization regulator PtrR
yneK	b1527	1615762	1616878	1	protein YneK
ydeA	b1528	1617027	1618218	1	putative exporter YdeA
marC	b1529	1618242	1618908	-1	inner membrane protein MarC
marR	b1530	1619119	1619554	1	DNA-binding transcriptional repressor MarR
marA	b1531	1619573	1619957	1	DNA-binding transcriptional dual regulator MarA
marB	b1532	1619988	1620207	1	multiple antibiotic resistance protein MarB
eamA	b1533	1620237	1621137	-1	cysteine/O-acetylserine exporter EamA
ydeE	b1534	1621331	1622519	1	dipeptide exporter
mgtS	b4599	1622645	1622741	1	small protein MgtS
mgtT	b4775	1622740	1622845	1	protein MgtT
dgcZ	b1535	1622959	1623850	-1	diguanylate cyclase DgcZ
ydeI	b1536	1624104	1624497	-1	BOF family protein YdeI
ydeJ	b1537	1624772	1625291	1	PF02464 family protein YdeJ
dcp	b1538	1625334	1627380	-1	peptidyl-dipeptidase Dcp
ydfG	b1539	1627516	1628263	1	3-hydroxy acid dehydrogenase YdfG
rspR	b1540	1628351	1629038	1	DNA-binding transcriptional repressor RspR
ydfZ	b1541	1629214	1629418	1	putative selenoprotein YdfZ
ydfI	b1542	1629452	1630913	-1	putative oxidoreductase YdfI
ydfJ	b1543	1631001	1632285	-1	putative transporter YdfJ
ynfT	b4748	1632889	1633003	1	protein YnfT
ydfK	b1544	1633071	1633305	1	cold shock protein YdfK
pinQ	b1545	1633621	1634212	1	putative recombinase PinQ
tfaQ	b1546	1634309	1634885	-1	putative tail fiber assembly protein TfaQ
stfQ	b1547	1634884	1635847	-1	putative prophage side tail fiber protein StfQ
nohA	b1548	1635797	1636367	-1	putative prophage DNA-packaging protein NohA
ynfO	b4533	1636755	1636989	1	DUF3950 domain-containing protein YnfO
ydfO	b1549	1637046	1637457	1	DUF1398 domain-containing protein YdfO
gnsB	b1550	1637608	1637782	-1	protein GnsB
ynfN	b1551	1637953	1638109	-1	protein YnfN
ynfR	b4749	1638187	1638253	-1	protein YnfR
ynfQ	b4724	1638255	1638444	-1	protein YnfQ
cspI	b1552	1638454	1638667	-1	cold shock-like protein CspI
rzpQ	b1553	1639029	1639527	-1	DUF2514 domain-containing protein RzpQ
rzoQ	b4689	1639079	1639334	-1	putative lipoprotein RzoQ
rrrQ	b1554	1639523	1640057	-1	putative lysozyme
ydfR	b1555	1640053	1640365	-1	protein YdfR
essQ	b1556	1640369	1640585	-1	putative prophage lysis protein EssQ
ynfU	b4776	1640804	1640975	1	putative zinc-binding protein YnfU
cspB	b1557	1641338	1641554	-1	cold shock-like protein CspB
cspF	b1558	1641854	1642067	1	cold shock-like protein CspF
ynfS	b4750	1642121	1642211	1	protein YnfS
ydfT	b1559	1642488	1643241	-1	putative antitermination protein Q
ydfU	b1560	1643254	1644304	-1	protein YdfU
rem	b1561	1644650	1644902	-1	protein Rem
hokD	b1562	1645118	1645274	-1	toxic protein HokD
relE	b1563	1645345	1645633	-1	mRNA interferase toxin RelE
relB	b1564	1645632	1645872	-1	antitoxin/DNA-binding transcriptional repressor RelB
ydfV	b1565	1645896	1646202	1	protein YdfV
flxA	b1566	1646404	1646737	1	PF14282 family protein FlxA
ydfW	b1567	1647173	1647323	-1	protein YdfW
ydfX	b1568	1647345	1647636	-1	protein YdfX
dicC	b1569	1647619	1647850	-1	putative DNA-binding transcriptional regulator DicC
dicA	b1570	1647933	1648341	1	DNA-binding transcriptional dual regulator DicA
ydfA	b1571	1648507	1648663	1	DUF1391 domain-containing protein YdfA
ydfB	b1572	1648664	1648793	1	uncharacterized protein YdfB
ydfC	b1573	1648822	1649041	1	uncharacterized protein YdfC
dicB	b1575	1649608	1649797	1	cell division inhibition protein DicB
ydfD	b1576	1649793	1649985	1	lysis protein
ynfP	b4534	1652727	1652838	-1	protein YnfP
rspB	b1580	1652895	1653915	-1	putative zinc-binding dehydrogenase RspB
rspA	b1581	1653926	1655141	-1	mandelate racemase/muconate lactonizing enzyme family protein RspA
ynfA	b1582	1655346	1655673	-1	putative transporter YnfA
ynfB	b1583	1655807	1656149	1	DUF1283 domain-containing protein YnfB
speG	b1584	1656183	1656744	1	spermidine N-acetyltransferase
ynfC	b1585	1656746	1657457	-1	PF06788 family lipoprotein YnfC
ynfD	b1586	1657564	1657870	1	DUF1161 domain-containing protein YnfD
ynfE	b1587	1658068	1660495	1	putative selenate reductase YnfE
ynfF	b1588	1660555	1662979	1	putative selenate reductase YnfF
ynfG	b1589	1662989	1663607	1	putative oxidoreductase YnfG
ynfH	b1590	1663608	1664463	1	putative menaquinol dehydrogenase
dmsD	b1591	1664505	1665120	1	redox enzyme maturation protein DmsD
clcB	b1592	1665314	1666571	1	putative chloride:H(+) antiporter ClcB
bidA	b1593	1666523	1667219	-1	dethiobiotin synthetase BidA
mlc	b1594	1667343	1668564	-1	DNA-binding transcriptional repressor Mlc
ynfL	b1595	1668698	1669592	-1	putative DNA-binding transcriptional regulator YnfL
ynfM	b1596	1669698	1670952	1	putative transporter YnfM
asr	b1597	1671375	1671684	1	periplasmic chaperone Asr
ydgU	b4601	1671776	1671860	1	uncharacterized protein YdgU
ydgD	b1598	1671959	1672781	1	putative serine protease YdgD
mdtI	b1599	1672819	1673149	-1	multidrug/spermidine efflux pump membrane subunit MdtI
mdtJ	b1600	1673135	1673501	-1	multidrug/spermidine efflux pump membrane subunit MdtJ
mdtU	b4777	1673607	1673709	-1	protein MdtU
tqsA	b1601	1673912	1674947	1	autoinducer 2 exporter
pntB	b1602	1674971	1676360	-1	pyridine nucleotide transhydrogenase subunit beta
pntA	b1603	1676370	1677903	-1	pyridine nucleotide transhydrogenase subunit alpha
ydgH	b1604	1678426	1679371	1	DUF1471 domain-containing protein YdgH
ydgI	b1605	1679556	1680939	1	putative arginine:ornithine antiporter
folM	b1606	1680975	1681698	1	dihydromonapterin reductase
ydgC	b1607	1681694	1682030	-1	GlpM family protein
rstA	b1608	1682158	1682878	1	DNA-binding transcriptional regulator RstA
rstB	b1609	1682881	1684183	1	sensor histidine kinase RstB
tus	b1610	1684258	1685188	1	DNA replication terminus site-binding protein
fumC	b1611	1685184	1686588	-1	fumarase C
fumA	b1612	1686730	1688377	-1	fumarase A
manA	b1613	1688575	1689751	1	mannose-6-phosphate isomerase
ydgA	b1614	1689851	1691360	1	DUF945 domain-containing protein YdgA
uidC	b1615	1691585	1692851	-1	outer membrane porin family protein UidC
uidB	b1616	1692889	1694263	-1	glucuronide:H(+) symporter
uidA	b1617	1694259	1696071	-1	beta-glucuronidase
uidR	b1618	1696461	1697052	-1	DNA-binding transcriptional repressor UidR
hdhA	b1619	1697272	1698040	-1	7-alpha-hydroxysteroid dehydrogenase
malI	b1620	1698151	1699180	-1	DNA-binding transcriptional repressor MalI
malX	b1621	1699354	1700947	1	PTS enzyme IIBC component MalX
malY	b1622	1700956	1702129	1	negative regulator of MalT activity/cystathionine beta-lyase
add	b1623	1702232	1703234	1	adenosine deaminase
ydgJ	b1624	1703267	1704308	-1	putative oxidoreductase YdgJ
blr	b4409	1704550	1704676	1	beta-lactam resistance protein
cnu	b1625	1704948	1705164	1	H-NS- and StpA-binding protein
ydgK	b1626	1705249	1705690	1	DUF2569 domain-containing inner membrane protein YdgK
rsxA	b1627	1705766	1706348	1	SoxR [2Fe-2S] reducing system protein RsxA
rsxB	b1628	1706347	1706926	1	SoxR [2Fe-2S] reducing system protein RsxB
rsxC	b1629	1706918	1709141	1	SoxR [2Fe-2S] reducing system protein RsxC
rsxD	b1630	1709141	1710200	1	SoxR [2Fe-2S] reducing system protein RsxD
rsxG	b1631	1710203	1710824	1	SoxR [2Fe-2S] reducing system flavoprotein RsxG
rsxE	b1632	1710827	1711523	1	SoxR [2Fe-2S] reducing system protein RsxE
nth	b1633	1711522	1712158	1	endonuclease III
dtpA	b1634	1712768	1714271	1	dipeptide/tripeptide:H(+) symporter DtpA
gstA	b1635	1714376	1714982	1	glutathione S-transferase GstA
pdxY	b1636	1715025	1715889	-1	pyridoxal kinase 2
tyrS	b1637	1715947	1717222	-1	tyrosine--tRNA ligase
pdxH	b1638	1717350	1718007	-1	pyridoxine/pyridoxamine 5'-phosphate oxidase
mliC	b1639	1718065	1718395	-1	inhibitor of c-type lysozyme, putative lipoprotein
anmK	b1640	1718492	1719602	-1	anhydro-N-acetylmuramic acid kinase
slyB	b1641	1719875	1720343	1	outer membrane lipoprotein SlyB
slyA	b1642	1720389	1720824	-1	DNA-binding transcriptional dual regulator SlyA
ydhI	b1643	1721024	1721261	1	DUF1656 domain-containing protein YdhI
ydhJ	b1644	1721263	1722121	1	putative membrane fusion protein YdhJ
ydhK	b1645	1722120	1724133	1	putative transporter YdhK
sodC	b1646	1724133	1724655	-1	superoxide dismutase (Cu-Zn)
ydhF	b1647	1724735	1725632	-1	putative oxidoreductase YdhF
ydhL	b1648	1725680	1725920	-1	DUF1289 domain-containing protein YdhL
nemR	b1649	1726022	1726622	1	DNA-binding transcriptional repressor NemR
nemA	b1650	1726658	1727756	1	N-ethylmaleimide reductase
gloA	b1651	1727836	1728244	1	lactoylglutathione lyase
rnt	b1652	1728346	1728994	1	ribonuclease T
lhr	b1653	1729086	1733703	1	ATP-dependent helicase Lhr
grxD	b1654	1733753	1734101	-1	glutaredoxin 4
mepH	b1655	1734434	1735250	1	peptidoglycan endopeptidase/peptidoglycan L,D-carboxypeptidase MepH
sodB	b1656	1735377	1735959	1	superoxide dismutase (Fe)
ydhP	b1657	1736120	1737290	-1	putative transporter YdhP
cydH	b4602	1737455	1737545	-1	cytochrome bd-I accessory subunit CydH
purR	b1658	1737843	1738869	1	DNA-binding transcriptional repressor PurR
punR	b1659	1738865	1739798	-1	DNA-binding transcriptional activator PunR
punC	b1660	1739910	1741122	1	purine nucleoside transporter PunC
cfa	b1661	1741412	1742561	1	cyclopropane fatty acyl phospholipid synthase
ribC	b1662	1742600	1743242	-1	riboflavin synthase
mdtK	b1663	1743456	1744830	1	multidrug efflux pump MdtK
ydhQ	b1664	1744870	1746127	-1	putative adhesin-related protein YdhQ
ydhR	b1667	1746699	1747005	1	putative monooxygenase YdhR
ydhS	b1668	1747130	1748735	1	FAD/NAD(P) binding domain-containing protein YdhS
ydhT	b1669	1748746	1749559	-1	uncharacterized protein YdhT
ydhU	b1670	1749562	1750348	-1	putative cytochrome YdhU
ydhX	b1671	1750344	1751013	-1	putative 4Fe-4S ferredoxin-like protein YdhX
ydhW	b1672	1751076	1751724	-1	uncharacterized protein YdhW
ydhV	b1673	1751727	1753830	-1	putative oxidoreductase YdhV
ydhY	b1674	1753850	1754477	-1	putative 4Fe-4S ferredoxin-like protein YdhY
fumD	b1675	1754931	1755141	-1	fumarase D
ynhH	b4817	1755495	1755690	1	protein YnhH
pykF	b1676	1755697	1757110	1	pyruvate kinase 1
lpp	b1677	1757420	1757657	1	murein lipoprotein
ldtE	b1678	1757720	1758725	-1	L,D-transpeptidase LdtE
sufE	b1679	1758873	1759290	-1	sulfur carrier protein SufE
sufS	b1680	1759302	1760523	-1	L-cysteine desulfurase
sufD	b1681	1760519	1761791	-1	Fe-S cluster scaffold complex subunit SufD
sufC	b1682	1761765	1762512	-1	Fe-S cluster scaffold complex subunit SufC
sufB	b1683	1762521	1764009	-1	Fe-S cluster scaffold complex subunit SufB
sufA	b1684	1764017	1764386	-1	iron-sulfur cluster insertion protein SufA
ydiH	b1685	1764933	1765122	-1	uncharacterized protein YdiH
menI	b1686	1765221	1765632	-1	1,4-dihydroxy-2-naphthoyl-CoA hydrolase
ydiJ	b1687	1765628	1768685	-1	D-2-hydroxyglutarate dehydrogenase
ydiK	b1688	1769073	1770186	1	putative transporter YdiK
ydiL	b1689	1770614	1770971	1	DUF1870 domain-containing protein YdiL
ydiM	b1690	1771070	1772285	1	putative exporter YdiM
ydiN	b1691	1772511	1773777	1	putative transporter YdiN
ydiB	b1692	1773788	1774655	1	quinate/shikimate dehydrogenase
aroD	b1693	1774685	1775444	1	3-dehydroquinate dehydratase
ydiF	b1694	1775586	1777182	1	putative acetate-CoA transferase YdiF
ydiO	b1695	1777195	1778347	1	putative acyl-CoA dehydrogenase YdiO
ydiP	b1696	1778389	1779301	-1	DNA-binding transcriptional regulator YdiP
ydiQ	b1697	1779616	1780381	1	putative electron transfer flavoprotein subunit YdiQ
ydiR	b1698	1780400	1781339	1	putative electron transfer flavoprotein subunit YdiR
ydiS	b1699	1781394	1782684	1	putative electron transfer flavoprotein-quinone oxidoreductase YdiS
ydiT	b1700	1782680	1782974	1	ferredoxin-like protein YdiT
fadK	b1701	1782976	1784677	1	medium-chain-fatty-acid--CoA ligase
ppsA	b1702	1784733	1787112	-1	phosphoenolpyruvate synthetase
ppsR	b1703	1787444	1788278	1	phosphoenolpyruvate synthetase regulatory protein
aroH	b1704	1788434	1789481	1	3-deoxy-7-phosphoheptulonate synthase, Trp-sensitive
ydiE	b1705	1789612	1789804	1	PF10636 family protein YdiE
selO	b1706	1789807	1791244	-1	protein adenylyltransferase SelO
rflP	b1707	1791306	1792020	-1	anti-FlhDC factor RflP
nlpC	b1708	1792266	1792731	-1	NlpC/P60 family lipoprotein NlpC
btuD	b1709	1792808	1793558	-1	vitamin B12 ABC transporter ATP binding subunit
btuE	b1710	1793557	1794109	-1	thioredoxin/glutathione peroxidase BtuE
btuC	b1711	1794171	1795152	-1	vitamin B12 ABC transporter membrane subunit
ihfA	b1712	1795252	1795552	-1	integration host factor subunit alpha
pheT	b1713	1795556	1797944	-1	phenylalanine--tRNA ligase subunit beta
pheS	b1714	1797958	1798942	-1	phenylalanine--tRNA ligase
pheM	b1715	1799225	1799270	-1	pheST-ihfA operon leader peptide
rplT	b1716	1799392	1799749	-1	50S ribosomal subunit protein L20
rpmI	b1717	1799801	1799999	-1	50S ribosomal subunit protein L35
infC	b1718	1800095	1800638	-1	translation initiation factor IF-3
thrS	b1719	1800641	1802570	-1	threonine--tRNA ligase
yniD	b4535	1805164	1805272	1	uncharacterized protein YniD
ydiY	b1722	1805324	1806083	-1	acid-inducible putative outer membrane protein YdiY
pfkB	b1723	1806369	1807299	1	6-phosphofructokinase 2
ydiZ	b1724	1807399	1807690	1	putative endoribonuclease YdiZ
yniA	b1725	1807795	1808656	1	putative kinase YniA
yniB	b1726	1808696	1809233	-1	uncharacterized protein YniB
hxpB	b1727	1809379	1810048	1	hexitol phosphatase B
ydjM	b1728	1810210	1810801	1	inner membrane protein YdjM
tcyP	b1729	1810933	1812325	1	cystine/sulfocysteine:cation symporter
ydjO	b1730	1812328	1813132	-1	protein YdjO
cedA	b1731	1813420	1813663	-1	cell division modulator
katE	b1732	1813866	1816128	1	catalase HPII
chbG	b1733	1816385	1817135	-1	chitooligosaccharide monodeacetylase ChbG
chbF	b1734	1817147	1818500	-1	monoacetylchitobiose-6-phosphate hydrolase
chbR	b1735	1818604	1819447	-1	DNA binding transcriptional dual regulator ChbR
chbA	b1736	1819454	1819805	-1	N,N'-diacetylchitobiose-specific PTS enzyme IIA component
chbC	b1737	1819855	1821214	-1	N,N'-diacetylchitobiose-specific PTS enzyme IIC component
chbB	b1738	1821298	1821619	-1	N,N'-diacetylchitobiose-specific PTS enzyme IIB component
osmE	b1739	1821917	1822256	-1	osmotically-inducible lipoprotein OsmE
nadE	b1740	1822457	1823285	1	NH3-dependent NAD(+) synthetase
cho	b1741	1823514	1824402	1	excinuclease Cho
ves	b1742	1824361	1824937	-1	HutD family protein Ves
spy	b1743	1825139	1825625	-1	ATP-independent periplasmic chaperone
astE	b1744	1825954	1826923	-1	succinylglutamate desuccinylase
astB	b1745	1826915	1828259	-1	N-succinylarginine dihydrolase
astD	b1746	1828255	1829734	-1	aldehyde dehydrogenase
astA	b1747	1829730	1830765	-1	arginine N-succinyltransferase
astC	b1748	1830761	1831982	-1	succinylornithine transaminase
xthA	b1749	1832427	1833234	1	exodeoxyribonuclease III
ydjX	b1750	1833400	1834111	1	DedA family protein YdjX
ydjY	b1751	1834115	1834793	1	4Fe-4S ferredoxin-type domain-containing protein YdjY
ydjZ	b1752	1834807	1835515	1	DedA family protein YdjZ
ynjA	b1753	1835514	1836063	1	AhpD-like domain-containing protein YnjA
ynjB	b1754	1836072	1837239	1	putative ABC transporter periplasmic binding protein YnjB
ynjC	b1755	1837211	1838747	1	putative ABC transporter membrane subunit YnjC
ynjD	b1756	1838746	1839400	1	putative ABC transporter ATP-binding protein YnjD
ynjE	b1757	1839466	1840774	1	molybdopterin synthase sulfurtransferase
ynjF	b1758	1840782	1841403	-1	CDP-alcohol phosphatidyltransferase domain-containing protein YnjF
nudG	b1759	1841489	1841897	1	5-hydroxy-CTP diphosphatase
ynjH	b1760	1841862	1842135	-1	DUF1496 domain-containing protein YnjH
gdhA	b1761	1842370	1843714	1	glutamate dehydrogenase
ynjI	b1762	1843830	1844871	-1	DUF1266 domain-containing protein YnjI
topB	b1763	1844998	1846960	-1	DNA topoisomerase III
selD	b1764	1846964	1848008	-1	selenide, water dikinase
ydjA	b1765	1848124	1848676	-1	putative oxidoreductase YdjA
sppA	b1766	1848836	1850693	1	protease IV, a signal peptide peptidase
ansA	b1767	1850859	1851876	1	L-asparaginase 1
pncA	b1768	1851886	1852528	1	nicotinamidase
ydjE	b1769	1852620	1853979	-1	putative transporter YdjE
ydjF	b1770	1854095	1854854	-1	putative DNA-binding transcriptional regulator YdjF
ydjG	b1771	1854990	1855971	-1	NADH-dependent methylglyoxal reductase
ydjH	b1772	1855980	1856928	-1	L-glycero-L-galacto-octuluronate kinase
ydjI	b1773	1856932	1857769	-1	L-glycero-L-galacto-octuluronate-1-phosphate aldolase
ydjJ	b1774	1857789	1858833	-1	putative zinc-binding dehydrogenase YdjJ
ydjK	b1775	1858849	1860229	-1	putative transporter YdjK
ydjL	b1776	1860255	1861332	-1	putative zinc-binding dehydrogenase YdjL
yeaC	b1777	1861701	1861974	-1	DUF1315 domain-containing protein YeaC
msrB	b1778	1862015	1862429	-1	methionine sulfoxide reductase B
gapA	b1779	1862770	1863766	1	glyceraldehyde-3-phosphate dehydrogenase A
yeaD	b1780	1863849	1864734	1	putative aldose 1-epimerase YeaD
yeaE	b1781	1864781	1865636	-1	methylglyoxal reductase YeaE
mipA	b1782	1865725	1866472	-1	MltA-interacting protein
yeaG	b1783	1866907	1868842	1	protein kinase YeaG
yeaH	b1784	1868954	1870238	1	DUF444 domain-containing protein YeaH
cdgI	b1785	1870384	1871860	1	putative c-di-GMP binding protein CdgI
dgcJ	b1786	1872040	1873531	1	diguanylate cyclase DgcJ
yeaK	b1787	1873573	1874077	1	mischarged aminoacyl-tRNA deacylase
yoaI	b1788	1874077	1874182	-1	protein YoaI
yeaL	b1789	1874351	1874798	1	DUF441 domain-containing inner membrane protein YeaL
nimR	b1790	1874754	1875576	-1	DNA-binding transcriptional repressor NimR
nimT	b1791	1875672	1876854	1	2-nitroimidazole exporter
yeaO	b1792	1876908	1877256	1	DUF488 domain-containing protein YeaO
yoaF	b1793	1877277	1877532	-1	DUF333 domain-containing lipoprotein YoaF
dgcP	b1794	1877714	1878740	1	diguanylate cyclase DgcP
yoaK	b4676	1878772	1878871	1	putative membrane protein YoaK
yoaJ	b4675	1878873	1878948	1	uncharacterized protein YoaJ
yeaQ	b1795	1879006	1879255	-1	PF04226 family protein YeaQ
yoaG	b1796	1879402	1879585	-1	DUF1869 domain-containing protein YoaG
yeaR	b1797	1879588	1879948	-1	DUF1971 domain-containing protein YeaR
leuE	b1798	1880120	1880759	-1	leucine exporter
dmlR	b1799	1880885	1881809	-1	DNA-binding transcriptional regulator DmlR
dmlA	b1800	1881911	1882997	1	D-malate/3-isopropylmalate dehydrogenase (decarboxylating)
yeaV	b1801	1883187	1884633	1	putative transporter YeaV
yeaW	b1802	1884664	1885789	1	carnitine monooxygenase subunit YeaW
yeaX	b1803	1885844	1886810	1	carnitine monooxygenase subunit YeaX
rnd	b1804	1886863	1887991	-1	RNase D
fadD	b1805	1888060	1889746	-1	long-chain-fatty-acid--CoA ligase
yeaY	b1806	1889950	1890532	-1	Slp family lipoprotein YeaY
tsaB	b1807	1890571	1891267	-1	N(6)-L-threonylcarbamoyladenine synthase, TsaB subunit
yoaA	b1808	1891324	1893235	-1	ATP-dependent DNA helicase YoaA
yoaB	b1809	1893366	1893711	1	RutC family protein YoaB
yoaC	b1810	1894132	1894432	1	DUF1889 domain-containing protein YoaC
yoaH	b1811	1894551	1894731	-1	UFP0181 family protein YoaH
pabB	b1812	1894804	1896166	1	aminodeoxychorismate synthase subunit 1
nudL	b1813	1896169	1896748	1	putative NUDIX hydrolase with low 3-phosphohydroxypyruvate phosphatase activity
sdaA	b1814	1896931	1898296	1	L-serine deaminase I
pdeD	b1815	1898426	1900025	1	putative cyclic di-GMP phosphodiesterase PdeD
yoaE	b1816	1900028	1901585	-1	TerC family inner membrane protein YoaE
yoaL	b4751	1901572	1901731	-1	protein YoaL
manX	b1817	1902047	1903019	1	mannose-specific PTS enzyme IIAB component
manY	b1818	1903081	1903882	1	mannose-specific PTS enzyme IIC component
manZ	b1819	1903894	1904746	1	mannose-specific PTS enzyme IID component
yobD	b1820	1904800	1905259	1	DUF986 domain-containing inner membrane protein YobD
mntP	b1821	1905687	1906254	1	Mn(2(+)) exporter
rlmA	b1822	1906250	1907060	-1	23S rRNA m(1)G745 methyltransferase
cspC	b1823	1907225	1907435	-1	transcription antiterminator and regulator of mRNA stability CspC
yobF	b1824	1907447	1907591	-1	DUF2527 domain-containing protein YobF
yebO	b1825	1908260	1908548	-1	uncharacterized protein YebO
mgrB	b1826	1908622	1908766	-1	PhoQ kinase inhibitor
yobH	b4536	1908924	1909164	1	uncharacterized protein YobH
kdgR	b1827	1909307	1910099	-1	DNA-binding transcriptional repressor KdgR
yebQ	b1828	1910275	1911649	1	putative transporter YebQ
htpX	b1829	1911694	1912576	-1	protease HtpX
prc	b1830	1912767	1914816	-1	tail-specific protease
proQ	b1831	1914835	1915534	-1	RNA chaperone ProQ
msrC	b1832	1915630	1916128	-1	free methionine-(R)-sulfoxide reductase
letA	b1833	1916257	1917541	1	intermembrane transport protein LetA
letB	b1834	1917509	1920143	1	lipophilic envelope spanning tunnel
rsmF	b1835	1920222	1921662	1	16S rRNA m(5)C1407 methyltransferase
yebV	b1836	1921779	1922016	1	DUF1480 domain-containing protein YebV
yebW	b1837	1922120	1922312	1	DUF1482 domain-containing protein YebW
pphA	b1838	1922312	1922969	-1	phosphoprotein phosphatase 1
yebY	b1839	1923364	1923706	-1	DUF2511 domain-containing protein YebY
yebZ	b1840	1923718	1924591	-1	CopD family protein
yobA	b1841	1924594	1924969	-1	copper-binding protein
holE	b1842	1925107	1925338	1	DNA polymerase III subunit theta
yobB	b1843	1925439	1926096	1	putative carbon-nitrogen hydrolase family protein YobB
exoX	b1844	1926119	1926782	1	exonuclease X
ptrB	b1845	1926778	1928839	-1	oligopeptidase B
yebE	b1846	1929047	1929707	-1	DUF533 domain-containing inner membrane protein YebE
yebF	b1847	1930033	1930390	-1	secreted protein YebF
yebG	b1848	1930456	1930747	-1	DNA damage-inducible protein YebG
purT	b1849	1930880	1932059	1	phosphoribosylglycinamide formyltransferase 2
eda	b1850	1932114	1932756	-1	KHG/KDPG aldolase
edd	b1851	1932792	1934604	-1	phosphogluconate dehydratase
zwf	b1852	1934838	1936314	-1	NADP(+)-dependent glucose-6-phosphate dehydrogenase
yebK	b1853	1936651	1937521	1	DNA-binding transcriptional repressor YebK
pykA	b1854	1937648	1939091	1	pyruvate kinase 2
lpxM	b1855	1939221	1940193	-1	Lipid A biosynthesis myristoyltransferase
mepM	b1856	1940312	1941635	-1	peptidoglycan endopeptidase MepM
znuA	b1857	1941650	1942583	-1	Zn(2(+)) ABC transporter periplasmic binding protein
znuC	b1858	1942661	1943417	1	Zn(2(+)) ABC transporter ATP binding subunit
znuB	b1859	1943413	1944199	1	Zn(2(+)) ABC transporter membrane subunit
ruvB	b1860	1944345	1945356	-1	Holliday junction branch migration complex subunit RuvB
ruvA	b1861	1945364	1945976	-1	Holliday junction branch migration complex subunit RuvA
yobI	b4677	1946114	1946180	-1	uncharacterized protein YobI
yebB	b1862	1946250	1946853	1	putative papain-like amidase YebB
ruvC	b1863	1946854	1947376	-1	crossover junction endodeoxyribonuclease RuvC
yebC	b1864	1947410	1948151	-1	putative transcriptional regulator YebC
nudB	b1865	1948179	1948632	-1	dihydroneopterin triphosphate diphosphatase
aspS	b1866	1948749	1950522	-1	aspartate--tRNA ligase
yecD	b1867	1950831	1951398	1	isochorismatase family protein YecD
yecE	b1868	1951394	1952213	1	DUF72 domain-containing protein YecE
yecN	b1869	1952265	1952661	1	MAPEG family inner membrane protein YecN
cmoA	b1870	1952701	1953445	1	carboxy-S-adenosyl-L-methionine synthase
cmoB	b1871	1953441	1954413	1	tRNA U34 carboxymethyltransferase
torZ	b1872	1954577	1957007	-1	trimethylamine N-oxide reductase 2
torY	b1873	1957031	1958132	-1	cytochrome c quinol dehydrogenase TorY
cutC	b1874	1958519	1959266	-1	PF03932 family protein CutC
yecM	b1875	1959279	1959846	-1	putative metal-binding enzyme YecM
argS	b1876	1960061	1961795	1	arginine--tRNA ligase
yecV	b4778	1961836	1961881	-1	protein YecV
yecT	b1877	1961971	1962460	1	protein YecT
flhE	b1878	1962579	1962972	-1	flagellar protein FlhE
flhA	b1879	1962971	1965050	-1	flagellar biosynthesis protein FlhA
flhB	b1880	1965042	1966191	-1	flagellar biosynthesis protein FlhB
cheZ	b1881	1966392	1967037	-1	chemotaxis protein CheZ
cheY	b1882	1967047	1967437	-1	chemotaxis protein CheY
cheB	b1883	1967451	1968501	-1	protein-glutamate methylesterase/protein glutamine deamidase
cheR	b1884	1968503	1969364	-1	chemotaxis protein methyltransferase
tap	b1885	1969382	1970984	-1	methyl-accepting chemotaxis protein Tap
tar	b1886	1971029	1972691	-1	methyl-accepting chemotaxis protein Tar
cheW	b1887	1972835	1973339	-1	chemotaxis protein CheW
cheA	b1888	1973359	1975324	-1	chemotaxis protein CheA
cheA	b1888	1973359	1975033	-1	chemotaxis protein CheA
motB	b1889	1975328	1976255	-1	motility protein B
motA	b1890	1976251	1977139	-1	motility protein A
flhC	b1891	1977265	1977844	-1	DNA-binding transcriptional dual regulator FlhC
flhD	b1892	1977846	1978197	-1	DNA-binding transcriptional dual regulator FlhD
insB5	b1893	1978517	1979021	-1	IS1 protein InsB
insA5	b1894	1978939	1979215	-1	IS1 protein InsA
uspC	b1895	1979752	1980181	1	universal stress protein C
otsA	b1896	1980187	1981612	-1	trehalose-6-phosphate synthase
otsB	b1897	1981586	1982387	-1	trehalose-6-phosphate phosphatase
araH	b4460	1982553	1983540	-1	arabinose ABC transporter membrane subunit
araG	b1900	1983554	1985069	-1	arabinose ABC transporter ATP binding subunit
araF	b1901	1985138	1986128	-1	arabinose ABC transporter periplasmic binding protein
ftnB	b1902	1986924	1987428	1	putative ferritin-like protein
yecJ	b4537	1987506	1987758	-1	DUF2766 domain-containing protein YecJ
azuC	b4663	1987872	1987959	-1	small regulatory membrane protein AzuC
yecR	b1904	1988221	1988545	1	lipoprotein YecR
ftnA	b1905	1988715	1989213	1	ferritin iron storage protein
yecH	b1906	1989250	1989490	-1	DUF2492 domain-containing protein YecH
tyrP	b1907	1989680	1990892	1	tyrosine:H(+) symporter
yecA	b1908	1990953	1991619	-1	putative Fe-binding protein YecA
pgsA	b1912	1992268	1992817	-1	CDP-diacylglycerol--glycerol-3-phosphate 3-phosphatidyltransferase
uvrC	b1913	1992873	1994706	-1	UvrABC excision nuclease subunit C
uvrY	b1914	1994702	1995359	-1	DNA-binding transcriptional activator UvrY
yecU	b4752	1995654	1995831	1	protein YecU
yecF	b1915	1995817	1996042	1	DUF2594 domain-containing protein YecF
sdiA	b1916	1996109	1996832	-1	DNA-binding transcriptional dual regulator SdiA
tcyN	b1917	1997061	1997814	-1	cystine ABC transporter ATP binding subunit
tcyL	b1918	1997810	1998479	-1	cystine ABC transporter membrane subunit
dcyD	b1919	1998493	1999480	-1	D-cysteine desulfhydrase
tcyJ	b1920	1999584	2000385	-1	cystine ABC transporter periplasmic binding protein
fliZ	b1921	2000472	2001024	-1	DNA-binding transcriptional regulator FliZ
fliA	b1922	2001069	2001789	-1	RNA polymerase sigma factor FliA
fliC	b1923	2002109	2003606	-1	flagellar filament structural protein
fliD	b1924	2003871	2005278	1	flagellar filament capping protein
fliS	b1925	2005302	2005713	1	flagellar biosynthesis protein FliS
fliT	b1926	2005712	2006078	1	flagellar biosynthesis protein FliT
amyA	b1927	2006155	2007643	1	alpha-amylase
yedD	b1928	2007676	2008090	-1	lipoprotein YedD
yedE	b1929	2008276	2009482	1	putative selenium transporter YedE
yedF	b1930	2009478	2009712	1	putative sulfurtransferase YedF
yedK	b1931	2009820	2010489	1	genome maintenance protein
yedL	b1932	2010599	2011079	1	putative acetyltransferase YedL
fliE	b1937	2012699	2013014	-1	flagellar protein FliE
fliF	b1938	2013228	2014887	1	flagellar basal-body MS-ring and collar protein
fliG	b1939	2014879	2015875	1	flagellar motor switch protein FliG
fliH	b1940	2015867	2016554	1	flagellar biosynthesis protein FliH
fliI	b1941	2016553	2017927	1	flagellar export ATPase FliI
fliJ	b1942	2017945	2018389	1	flagellar biosynthesis protein FliJ
fliK	b1943	2018385	2019513	1	flagellar hook-length control protein
fliL	b1944	2019617	2020082	1	flagellar protein FliL
fliM	b1945	2020086	2021091	1	flagellar motor switch protein FliM
fliN	b1946	2021087	2021501	1	flagellar motor switch protein FliN
fliO	b1947	2021503	2021869	1	flagellar biosynthesis protein FliO
fliP	b1948	2021868	2022606	1	flagellar biosynthesis protein FliP
fliQ	b1949	2022615	2022885	1	flagellar biosynthesis protein FliQ
fliR	b1950	2022892	2023678	1	flagellar biosynthesis protein FliR
rcsA	b1951	2023967	2024591	1	DNA-binding transcriptional activator RcsA
dsrB	b1952	2024634	2024823	-1	protein DsrB
yodD	b1953	2024985	2025213	1	stress-induced protein
yedP	b1955	2025510	2026326	1	putative mannosyl-3-phosphoglycerate phosphatase
dgcQ	b1956	2026322	2028017	-1	diguanylate cyclase DgcQ
yodC	b1957	2028187	2028370	-1	protein YodC
yedI	b1958	2028448	2029366	-1	DUF808 domain-containing inner membrane protein YedI
yedA	b1959	2029538	2030459	1	putative transporter YedA
vsr	b1960	2030447	2030918	-1	DNA mismatch endonuclease Vsr
dcm	b1961	2030898	2032317	-1	DNA-cytosine methyltransferase
yedJ	b1962	2032383	2033079	-1	putative HD superfamily phosphohydrolase YedJ
drpB	b1963	2033118	2033421	-1	cell division protein DrpB
hchA	b1967	2035834	2036686	1	protein/nucleic acid deglycase 1
hprS	b1968	2036793	2038152	-1	sensor histidine kinase HprS
hprR	b1969	2038151	2038823	-1	DNA-binding transcriptional dual regulator HprR
hiuH	b1970	2038955	2039369	1	hydroxyisourate hydrolase/transthyretin-related protein
msrP	b1971	2039477	2040482	1	protein-L-methionine sulfoxide reductase catalytic subunit MsrP
msrQ	b1972	2040482	2041118	1	membrane-bound flavocytochrome MsrQ
zinT	b1973	2041374	2042025	1	metal-binding protein ZinT
yodB	b1974	2042367	2042898	1	putative cytochrome b561 YodB
mtfA	b1976	2043650	2044448	1	Mlc titration factor
yeeJ	b1978	2044994	2052014	1	inverse autotransporter adhesin
shiA	b1981	2053642	2054959	1	shikimate:H(+) symporter
amn	b1982	2055060	2056515	1	AMP nucleosidase
yeeN	b1983	2056857	2057574	1	putative transcriptional regulator YeeN
yeeO	b1985	2058202	2059846	-1	FMN/FAD exporter
cbl	b1987	2059963	2060914	-1	DNA-binding transcriptional activator Cbl
nac	b1988	2061015	2061933	-1	DNA-binding transcriptional dual regulator Nac
ldtA	b1990	2062390	2063323	-1	L,D-transpeptidase LdtA
cobT	b1991	2063387	2064467	-1	nicotinate-nucleotide--dimethylbenzimidazole phosphoribosyltransferase
cobS	b1992	2064478	2065222	-1	cobalamin 5'-phosphate synthase
cobU	b1993	2065218	2065764	-1	cobinamide-P guanylyltransferase/cobinamide kinase
insH6	b1994	2066304	2067285	-1	IS5 transposase and trans-activator
yoeA	b4582	2068634	2070474	1	CP4-44 prophage; TonB-dependent receptor plug domain-containing protein YoeA
insD3	b1996	2068951	2069857	-1	IS2 insertion element protein InsB
insC3	b1997	2069814	2070180	-1	IS2 insertion element repressor InsA
flu	b2000	2071538	2074658	1	self recognizing antigen 43 (Ag43) autotransporter
yeeR	b2001	2074778	2076311	1	inner membrane protein YeeR
yeeS	b2002	2076307	2076754	1	RadC-like JAB domain-containing protein YeeS
yeeT	b2003	2076816	2077038	1	DUF987 domain-containing protein YeeT
cbeA	b2004	2077111	2077480	1	cytoskeleton bundling-enhancing antitoxin CbeA
cbtA	b2005	2077568	2077943	1	cytoskeleton-binding toxin CbtA
yeeW	b2006	2077939	2078134	1	putative uncharacterized protein YeeW
yoeF	b4538	2078574	2078931	1	putative uncharacterized protein YoeF
tmaR	b2007	2079031	2079361	-1	PTS system regulator TmaR
yoeJ	b4818	2079426	2079477	-1	protein YoeJ
yeeA	b2008	2079532	2080591	-1	putative transporter YeeA
sbmC	b2009	2080788	2081262	-1	DNA gyrase inhibitor
dacD	b2010	2081380	2082547	-1	D-alanyl-D-alanine carboxypeptidase DacD
sbcB	b2011	2082755	2084183	1	exodeoxyribonuclease I
tsuB	b2012	2084225	2084453	-1	putative thiosulfate sulfurtransferase
tsuA	b2013	2084466	2085525	-1	thiosulfate transporter
plaP	b2014	2085703	2087062	-1	putrescine:H(+) symporter PlaP
yoeI	b4678	2087051	2087114	-1	uncharacterized protein YoeI
yeeY	b2015	2087328	2088258	-1	putative DNA-binding transcriptional regulator YeeY
yeeZ	b2016	2088303	2089128	-1	putative epimerase YeeZ
yoeB	b4539	2089210	2089465	-1	ribosome-dependent mRNA interferase toxin YoeB
yefM	b2017	2089461	2089713	-1	YefM antitoxin of the YoeB-YefM toxin-antitoxin pair and DNA binding transcriptional repressor
hisL	b2018	2089995	2090046	1	his operon leader peptide
hisG	b2019	2090191	2091091	1	ATP phosphoribosyltransferase
hisD	b2020	2091096	2092401	1	histidinal/histidinol dehydrogenase
hisC	b2021	2092397	2093468	1	histidinol-phosphate aminotransferase
hisB	b2022	2093467	2094535	1	imidazoleglycerol-phosphate dehydratase/histidinol-phosphatase
hisH	b2023	2094534	2095125	1	imidazole glycerol phosphate synthase subunit HisH
hisA	b2024	2095124	2095862	1	1-(5-phosphoribosyl)-5-[(5- phosphoribosylamino)methylideneamino]imidazole-4- carboxamide isomerase
hisF	b2025	2095843	2096620	1	imidazole glycerol phosphate synthase subunit HisF
hisI	b2026	2096613	2097225	1	putative bifunctional phosphoribosyl-AMP cyclohydrolase/phosphoribosyl-ATP pyrophosphatase
wzzB	b2027	2097320	2098301	-1	O-antigen co-polymerase
ugd	b2028	2098446	2099613	-1	UDP-glucose 6-dehydrogenase
gnd	b2029	2099861	2101268	-1	6-phosphogluconate dehydrogenase, decarboxylating
wbbL	b4571	2101395	2103389	-1	interrupted rhamnosyltransferase WbbL
insH7	b2030	2101894	2102875	-1	IS5 transposase and trans-activator
wbbK	b2032	2103390	2104509	-1	putative glycosyltransferase WbbK
wbbJ	b2033	2104493	2105084	-1	putative lipopolysaccharide biosynthesis O-acetyl transferase WbbJ
wbbI	b2034	2105064	2106057	-1	beta-1,6-galactofuranosyltransferase WbbI
wbbH	b2035	2106059	2107226	-1	putative O-antigen polymerase
glf	b2036	2107225	2108329	-1	UDP-galactopyranose mutase
rfbX	b2037	2108336	2109584	-1	polyisoprenol-linked O16-antigen repeat unit flippase
rfbC	b2038	2109580	2110138	-1	dTDP-4-dehydrorhamnose 3,5-epimerase
rfbA	b2039	2110137	2111019	-1	glucose-1-phosphate thymidylyltransferase 1
rfbD	b2040	2111076	2111976	-1	dTDP-4-dehydrorhamnose reductase
rfbB	b2041	2111975	2113061	-1	dTDP-glucose 4,6-dehydratase 1
galF	b2042	2113433	2114327	-1	UTP:glucose-1-phosphate uridylyltransferase, low activity
wcaM	b2043	2114501	2115896	-1	putative colanic acid biosynthesis protein WcaM
wcaL	b2044	2115906	2117127	-1	putative colanic acid biosynthesis glycosyl transferase WcaL
wcaK	b2045	2117123	2118404	-1	colanic acid biosynthesis pyruvyl transferase WcaK
wzxC	b2046	2118679	2120158	-1	colanic acid repeat unit flippase
wcaJ	b2047	2120159	2121554	-1	UDP-glucose:undecaprenyl-phosphate glucose-1-phosphate transferase
cpsG	b2048	2121608	2122979	-1	phosphomannomutase
cpsB	b2049	2123083	2124520	-1	mannose-1-phosphate guanylyltransferase
wcaI	b2050	2124522	2125746	-1	colanic acid biosynthesis fucosyltransferase WcaI
gmm	b2051	2125742	2126222	-1	GDP-mannose mannosyl hydrolase
fcl	b2052	2126224	2127190	-1	GDP-L-fucose synthase
gmd	b2053	2127192	2128314	-1	GDP-mannose 4,6-dehydratase
wcaF	b2054	2128339	2128888	-1	colanic acid biosynthesis acetyltransferase WcaF
wcaE	b2055	2128903	2129650	-1	GDP-Fuc:2/3-O-Ac-alpha-L-Fuc-(1->3)-alpha-D-Glc- PP-Und alpha-(1,4)-fucosyltransferase
wcaD	b2056	2129660	2130878	-1	colanic acid polymerase
wcaC	b2057	2130852	2132070	-1	colanic acid biosynthesis galactosyltransferase WcaC
wcaB	b2058	2132066	2132555	-1	colanic acid biosynthesis acetyltransferase WcaB
wcaA	b2059	2132557	2133397	-1	UDP-glucuronate:2-O-Ac-beta-D-Gal-(1->3)-alpha- L-Fuc-(1->4)-2/3-O-Ac-alpha-L-Fuc-(1->3)-beta-D-Glc-PP-Und beta-(1,3)-glucuronosyltransferase
wzc	b2060	2133489	2135652	-1	protein-tyrosine kinase Wzc
wzb	b2061	2135654	2136098	-1	protein-tyrosine phosphatase
wza	b2062	2136103	2137243	-1	outer membrane polysaccharide export protein Wza
yegH	b2063	2137901	2139485	1	inner membrane protein YegH
asmA	b2064	2139758	2141612	-1	putative assembly protein AsmA
dcd	b2065	2141633	2142215	-1	dCTP deaminase
udk	b2066	2142306	2142948	-1	uridine/cytidine kinase
dgcE	b2067	2143265	2146583	1	diguanylate cyclase DgcE
alkA	b2068	2146691	2147540	-1	DNA-3-methyladenine glycosylase 2
yegD	b2069	2147673	2149026	1	HSP70 family protein YegD
yegI	b2070	2149038	2150985	-1	putative serine/threonine-protein kinase YegI
yegJ	b2071	2151184	2151646	1	DUF2314 domain-containing protein YegJ
pphC	b2072	2151710	2152472	-1	protein-serine/threonine phosphatase PphC
yegL	b2073	2152468	2153128	-1	IPR002035 domain-containing protein YegL
ibsA	b4667	2153348	2153408	-1	toxic peptide IbsA
ibsB	b4668	2153680	2153737	-1	putative toxic peptide IbsB
mdtA	b2074	2154015	2155263	1	multidrug efflux pump membrane fusion protein MdtA
mdtB	b2075	2155262	2158385	1	multidrug efflux pump RND permease subunit MdtB
mdtC	b2076	2158385	2161463	1	multidrug efflux pump RND permease subunit MdtC
mdtD	b2077	2161463	2162879	1	putative multidrug efflux pump MdtD
baeS	b2078	2162875	2164279	1	sensor histidine kinase BaeS
baeR	b2079	2164275	2164998	1	DNA-binding transcriptional activator BaeR
yegP	b2080	2165188	2165521	1	DUF1508 domain-containing protein YegP
trhP	b2081	2165667	2167029	1	tRNA wobble base hydroxylation protein TrhP
ogrK	b2082	2167301	2167520	-1	prophage P2 late control protein OgrK
yegR	b2085	2167988	2168306	-1	uncharacterized protein YegR
yegS	b2086	2168711	2169611	1	lipid kinase YegS
gatR	b4498	2169692	2171727	-1	DNA-binding transcriptional repressor GatR, N-terminal fragment
insE5	b2088	2170235	2170535	1	IS3 element protein InsE
insF5	b2089	2170531	2171398	1	IS3 element protein InsF
gatD	b2091	2171832	2172873	-1	galactitol-1-phosphate 5-dehydrogenase
gatB	b2093	2174281	2174566	-1	galactitol-specific PTS enzyme IIB component
gatA	b2094	2174596	2175049	-1	galactitol-specific PTS enzyme IIA component
gatZ	b2095	2175058	2176321	-1	putative tagatose-1,6-bisphosphate aldolase 2 chaperone
gatY	b2096	2176349	2177204	-1	tagatose-1,6-bisphosphate aldolase 2
fbaB	b2097	2177511	2178564	-1	fructose-bisphosphate aldolase class I
yegT	b2098	2178820	2180098	1	putative transporter YegT
yegU	b2099	2180094	2181099	1	putative ADP-ribosylglycohydrolase YegU
yegV	b2100	2181095	2182061	1	putative sugar kinase YegV
yegW	b2101	2182034	2182781	-1	DNA-binding transcriptional regulator GgaR
yegX	b2102	2182832	2183651	-1	putative glycosyl hydrolase YegX
thiD	b2103	2183715	2184516	-1	bifunctional hydroxymethylpyrimidine kinase/phosphomethylpyrimidine kinase
thiM	b2104	2184512	2185301	-1	hydroxyethylthiazole kinase
rcnR	b2105	2185523	2185796	-1	DNA-binding transcriptional repressor RcnR
rcnA	b2106	2185916	2186741	1	Ni(2(+))/Co(2(+)) exporter
rcnB	b2107	2186959	2187298	1	periplasmic protein involved in Ni/Co export
yehA	b2108	2187379	2188414	-1	putative fimbrial adhesin YehA
yehB	b2109	2188429	2190910	-1	putative fimbrial usher protein YehB
yehC	b2110	2190925	2191645	-1	putative fimbrial chaperone YehC
yehD	b2111	2191679	2192222	-1	putative fimbrial protein YehD
yehE	b2112	2192514	2192796	-1	DUF2574 domain-containing protein YehE
mrp	b2113	2193058	2194168	-1	P-loop NTPase family protein Mrp
metG	b2114	2194299	2196333	1	methionine--tRNA ligase
yehF	b2115	2196473	2197298	1	PF05406 family protein YehF
yehI	b2118	2200278	2203911	1	DUF4132 domain-containing protein YehI
yehK	b4541	2203971	2204289	1	uncharacterized protein YehK
yehL	b2119	2204595	2205684	1	putative AAA(+) MoxR family ATPase YehL
yehM	b2120	2205694	2207974	1	uncharacterized protein YehM
yehP	b2121	2207966	2209103	1	VWA domain-containing protein YehP
yehQ	b2122	2209099	2210944	1	SWIM zinc finger domains-containing protein YehQ
yehR	b2123	2211224	2211686	1	DUF1307 domain-containing lipoprotein YehR
yehS	b2124	2211725	2212196	-1	DUF1456 domain-containing protein YehS
btsR	b2125	2212242	2212962	-1	DNA-binding transcriptional dual regulator BtsR
btsS	b2126	2212958	2214644	-1	high-affinity pyruvate receptor
mlrA	b2127	2214865	2215597	1	DNA-binding transcriptional activator MlrA
yohO	b4542	2215656	2215764	1	UPF0387 family protein YohO
yehW	b2128	2215744	2216476	-1	glycine betaine ABC transporter membrane subunit YehW
yehX	b2129	2216480	2217407	-1	glycine betaine ABC transporter ATP binding subunit YehX
yehY	b2130	2217399	2218557	-1	glycine betaine ABC transporter membrane subunit YehY
osmF	b2131	2218563	2219481	-1	glycine betaine ABC transporter periplasmic binding protein OsmF
bglX	b2132	2219691	2221989	-1	putative periplasmic glycoside hydrolase
dld	b2133	2222184	2223900	1	quinone-dependent D-lactate dehydrogenase
pbpG	b2134	2223937	2224870	-1	peptidoglycan DD-endopeptidase PbpG
yohC	b2135	2225043	2225631	-1	putative inner membrane protein
yohD	b2136	2225800	2226379	1	DedA family protein YohD
yohF	b2137	2226508	2227270	-1	putative oxidoreductase YohF
yohP	b4679	2228981	2229065	1	putative membrane protein YohP
dusC	b2140	2229437	2230385	-1	tRNA-dihydrouridine(16) synthase
yohJ	b2141	2230623	2231022	1	putative 3-hydroxypropanoate export protein YohJ
yohK	b2142	2231018	2231714	1	putative 3-hydroxypropanoate export protein YohK
cdd	b2143	2231843	2232728	1	cytidine/deoxycytidine deaminase
sanA	b2144	2232877	2233597	1	DUF218 domain-containing protein SanA
yeiS	b2145	2233599	2233839	1	DUF2542 domain-containing protein YeiS
preT	b2146	2234032	2235271	1	dihydropyrimidine dehydrogenase (NAD(+)) subunit PreT
preA	b2147	2235264	2236500	1	dihydropyrimidine dehydrogenase (NAD(+)) subunit PreA
mglC	b2148	2236742	2237753	-1	D-galactose/methyl-galactoside ABC transporter membrane subunit
mglA	b2149	2237768	2239289	-1	D-galactose/methyl-galactoside ABC transporter ATP binding subunit
mglB	b2150	2239349	2240348	-1	D-galactose/methyl-galactoside ABC transporter periplasmic binding protein
galS	b2151	2240627	2241668	-1	DNA-binding transcriptional dual regulator GalS
yeiB	b2152	2241809	2242967	-1	DUF418 domain-containing protein YeiB
folE	b2153	2242983	2243652	-1	GTP cyclohydrolase 1
yeiG	b2154	2243909	2244746	1	S-formylglutathione hydrolase/S-lactoylglutathione hydrolase
cirA	b2155	2244777	2246769	-1	Fe-catecholate outer membrane transporter CirA
lysP	b2156	2247062	2248532	-1	lysine:H(+) symporter
yeiE	b2157	2248736	2249618	-1	DNA-binding transcriptional dual regulator YeiE
yeiH	b2158	2249716	2250766	1	PF03601 family inner membrane protein YeiH
nfo	b2159	2250839	2251697	1	endonuclease IV
yeiI	b2160	2251699	2252788	1	putative sugar kinase YeiI
nupX	b2161	2252894	2254145	-1	putative nucleoside transporter
rihB	b2162	2254244	2255186	-1	pyrimidine-specific ribonucleoside hydrolase RihB
yeiL	b2163	2255354	2256014	1	DNA-binding transcriptional activator YeiL
psuT	b2164	2256084	2257335	-1	putative pseudouridine transporter
psuG	b2165	2257428	2258367	-1	pseudouridine-5'-phosphate glycosidase
psuK	b2166	2258354	2259296	-1	putative pseudouridine kinase
fruA	b2167	2259718	2261410	-1	fructose-specific PTS multiphosphoryl transfer protein FruA
fruK	b2168	2261426	2262365	-1	1-phosphofructokinase
fruB	b2169	2262364	2263495	-1	fructose-specific PTS multiphosphoryl transfer protein FruB
setB	b2170	2263862	2265044	1	sugar exporter SetB
yeiW	b4502	2265040	2265295	-1	putative metal-chelating domain-containing protein YeiW
yeiP	b2171	2265449	2266022	1	elongation factor P-like protein YeiP
yeiQ	b2172	2266244	2267711	1	putative oxidoreductase YeiQ
yeiR	b2173	2267828	2268815	1	zinc-binding GTPase YeiR
lpxT	b2174	2268853	2269567	1	lipid A-core phosphotransferase
mepS	b2175	2269978	2270545	1	peptidoglycan endopeptidase/peptidoglycan L,D-carboxypeptidase
pdeN	b2176	2270725	2272282	1	putative c-di-GMP phosphodiesterase PdeN
yejA	b2177	2272363	2274178	1	oligopeptide ABC transporter periplasmic binding protein YejA
yejB	b2178	2274178	2275273	1	putative oligopeptide ABC transporter membrane subunit YejB
yejE	b2179	2275272	2276298	1	putative oligopeptide ABC transporter membrane subunit YejE
yejF	b2180	2276299	2277889	1	oligopeptide ABC transporter ATP binding subunit YejF
yejG	b2181	2277892	2278237	-1	protein YejG
bcr	b2182	2278569	2279760	-1	multidrug efflux pump Bcr
rsuA	b2183	2279787	2280483	-1	16S rRNA pseudouridine(516) synthase
radD	b2184	2280631	2282392	1	DNA repair helicase RadD
rplY	b2185	2282516	2282801	1	50S ribosomal subunit protein L25
yejK	b2186	2282939	2283947	-1	nucleoid-associated protein YejK
yejL	b2187	2284128	2284356	1	DUF1414 domain-containing protein YejL
lapC	b2188	2284375	2286136	1	lipopolysaccharide signal transducer LapC
yejO	b2190	2286389	2290180	-1	adhesin-like autotransporter YejO
insH8	b2192	2289064	2290045	-1	IS5 transposase and trans-activator
narP	b2193	2290499	2291147	1	DNA-binding transcriptional dual regulator NarP
ccmH	b2194	2291357	2292410	-1	holocytochrome c synthase CcmH component
ccmG	b2195	2292406	2292964	-1	thiol:disulfide oxidoreductase CcmG
ccmF	b2196	2292960	2294904	-1	holocytochrome c synthase CcmF component
ccmE	b2197	2294900	2295380	-1	periplasmic heme chaperone
ccmD	b2198	2295376	2295586	-1	cytochrome c maturation protein D
ccmC	b2199	2295582	2296320	-1	cytochrome c maturation protein C
ccmB	b2200	2296361	2297024	-1	cytochrome c maturation protein B
ccmA	b2201	2297020	2297644	-1	cytochrome c maturation protein A
napC	b2202	2297656	2298259	-1	periplasmic nitrate reductase cytochrome c protein
napB	b2203	2298268	2298718	-1	periplasmic nitrate reductase cytochrome c550 protein
napH	b2204	2298714	2299578	-1	ferredoxin-type protein NapH
napG	b2205	2299564	2300260	-1	ferredoxin-type protein NapG
napA	b2206	2300266	2302753	-1	periplasmic nitrate reductase subunit NapA
napD	b2207	2302749	2303013	-1	NapA signal peptide-binding chaperone NapD
napF	b2208	2303002	2303497	-1	ferredoxin-type protein
yojO	b4604	2303605	2303770	1	uncharacterized protein YojO
eco	b2209	2303904	2304393	1	serine protease inhibitor ecotin
mqo	b2210	2305107	2306754	-1	malate:quinone oxidoreductase
yojI	b2211	2306971	2308615	-1	ABC transporter family protein/microcin J25 efflux protein
alkB	b2212	2308690	2309341	-1	DNA oxidative demethylase
ada	b2213	2309340	2310405	-1	DNA-binding transcriptional dual regulator/DNA repair protein Ada
ftp	b2214	2310478	2311534	-1	FAD:protein FMN transferase
ompC	b2215	2311645	2312749	-1	outer membrane porin C
rcsD	b2216	2313487	2316160	1	RcsD phosphotransferase
rcsB	b2217	2316176	2316827	1	DNA-binding transcriptional activator RcsB
rcsC	b2218	2317026	2319876	-1	histidine kinase RcsC
atoS	b2219	2320042	2321869	1	sensor histidine kinase AtoS
atoC	b2220	2321865	2323251	1	DNA-binding transcriptional activator/ornithine decarboxylase inhibitor AtoC
atoD	b2221	2323446	2324109	1	acetyl-CoA:acetoacetyl-CoA transferase subunit alpha
atoA	b2222	2324108	2324759	1	acetyl-CoA:acetoacetyl-CoA transferase subunit beta
atoE	b2223	2324755	2326078	1	short chain fatty acid transporter
atoB	b2224	2326108	2327293	1	acetyl-CoA acetyltransferase
yfaP	b2225	2327366	2328143	-1	DUF2135 domain-containing protein YfaP
yfaQ	b2226	2328147	2329797	-1	tandem DUF2300 domain-containing protein YfaQ
yfaT	b2229	2334335	2334959	-1	DUF1175 domain-containing protein YfaT
yfaA	b2230	2334955	2336644	-1	DUF2138 domain-containing protein YfaA
gyrA	b2231	2336792	2339420	-1	DNA gyrase subunit A
ubiG	b2232	2339566	2340289	1	bifunctional 3-demethylubiquinone-8 3-O-methyltransferase and 2-octaprenyl-6-hydroxyphenol methylase
yfaL	b2233	2340416	2344169	-1	putative autotransporter adhesin YfaL
ypaB	b4605	2344593	2344737	-1	protein YpaB
nrdA	b2234	2344864	2347150	1	ribonucleoside-diphosphate reductase 1 subunit alpha
yoaM	b4779	2347349	2347385	-1	protein YoaM
nrdB	b2235	2347383	2348514	1	ribonucleoside-diphosphate reductase 1 subunit beta
yfaE	b2236	2348513	2348768	1	ferredoxin-like diferric-tyrosyl radical cofactor maintenance protein YfaE
inaA	b2237	2348821	2349472	-1	putative lipopolysaccharide kinase InaA
glpQ	b2239	2349934	2351011	-1	glycerophosphoryl diester phosphodiesterase GlpQ
glpT	b2240	2351015	2352374	-1	sn-glycerol 3-phosphate:phosphate antiporter
glpA	b2241	2352646	2354275	1	anaerobic glycerol-3-phosphate dehydrogenase subunit A
glpB	b2242	2354264	2355524	1	anaerobic glycerol-3-phosphate dehydrogenase subunit B
glpC	b2243	2355520	2356711	1	anaerobic glycerol-3-phosphate dehydrogenase subunit C
rpnE	b2244	2356903	2357803	1	inactive recombination-promoting nuclease-like protein RpnE
yfaU	b2245	2358041	2358845	-1	2-keto-3-deoxy-L-rhamnonate aldolase
yfaV	b2246	2358862	2360152	-1	putative transporter YfaV
rhmD	b2247	2360208	2361414	-1	L-rhamnonate dehydratase
yfaX	b2248	2361428	2362211	-1	putative DNA-binding transcriptional regulator YfaX
yfaY	b2249	2362430	2363633	-1	IPR008135 CinA family protein YfaY
yfaZ	b2250	2363732	2364275	-1	putative porin YfaZ
nudI	b2251	2364553	2364979	1	pyrimidine deoxynucleotide diphosphatase NudI
ais	b2252	2365017	2365620	-1	putative lipopolysaccharide core heptose(II)-phosphate phosphatase
arnB	b2253	2365909	2367067	1	UDP-4-amino-4-deoxy-L-arabinose aminotransferase
arnC	b2254	2367070	2368039	1	undecaprenyl-phosphate 4-deoxy-4-formamido-L-arabinose transferase
arnA	b2255	2368038	2370021	1	fused UDP-4-amino-4-deoxy-L-arabinose formyltransferase/UDP-glucuronate dehydrogenase
arnD	b2256	2370017	2370908	1	putative 4-deoxy-4-formamido-L-arabinose-phosphoundecaprenol deformylase ArnD
arnT	b2257	2370907	2372560	1	lipid IVA 4-amino-4-deoxy-L-arabinosyltransferase
arnE	b4544	2372556	2372892	1	undecaprenyl-phosphate-alpha-L-Ara4N flippase - ArnE subunit
arnF	b2258	2372891	2373278	1	undecaprenyl-phosphate-alpha-L-Ara4N flippase - ArnF subunit
pmrD	b2259	2373271	2373538	-1	signal transduction protein PmrD
menE	b2260	2373647	2375003	-1	o-succinylbenzoate--CoA ligase
menC	b2261	2374999	2375962	-1	o-succinylbenzoate synthase
menB	b2262	2375961	2376819	-1	1,4-dihydroxy-2-naphthoyl-CoA synthase
menH	b2263	2376833	2377592	-1	2-succinyl-6-hydroxy-2, 4-cyclohexadiene-1-carboxylate synthase
menD	b2264	2377588	2379259	-1	2-succinyl-5-enolpyruvyl-6-hydroxy-3- cyclohexene-1-carboxylate synthase
menF	b2265	2379347	2380643	-1	isochorismate synthase MenF
elaB	b2266	2380721	2381027	-1	tail-anchored inner membrane protein ElaB
elaA	b2267	2381081	2381543	-1	putative acetyltransferase ElaA
rbn	b2268	2381607	2382525	1	ribonuclease BN
elaD	b2269	2382712	2383924	1	protease ElaD
yfbK	b2270	2383994	2385722	-1	IPR002035/DUF3520 domain-containing protein YfbK
yfbL	b2271	2385859	2386831	1	putative peptidase YfbL
yfbM	b2272	2386933	2387437	1	DUF1877 domain-containing protein YfbM
yfbN	b2273	2387709	2388426	-1	uncharacterized protein YfbN
yfbO	b2274	2388634	2389057	1	uncharacterized protein YfbO
yfbP	b2275	2389115	2389964	1	uncharacterized protein YfbP
nuoN	b2276	2390047	2391505	-1	NADH:quinone oxidoreductase subunit N
nuoM	b2277	2391511	2393041	-1	NADH:quinone oxidoreductase subunit M
nuoL	b2278	2393204	2395046	-1	NADH:quinone oxidoreductase subunit L
nuoK	b2279	2395042	2395345	-1	NADH:quinone oxidoreductase subunit K
nuoJ	b2280	2395341	2395896	-1	NADH:quinone oxidoreductase subunit J
nuoI	b2281	2395907	2396450	-1	NADH:quinone oxidoreductase subunit I
nuoH	b2282	2396464	2397442	-1	NADH:quinone oxidoreductase subunit H
nuoG	b2283	2397438	2400165	-1	NADH:quinone oxidoreductase subunit G
nuoF	b2284	2400217	2401555	-1	NADH:quinone oxidoreductase subunit F
nuoE	b2285	2401551	2402052	-1	NADH:quinone oxidoreductase subunit E
nuoC	b2286	2402054	2403845	-1	NADH:quinone oxidoreductase subunit CD
nuoB	b2287	2403950	2404613	-1	NADH:quinone oxidoreductase subunit B
nuoA	b2288	2404628	2405072	-1	NADH:quinone oxidoreductase subunit A
lrhA	b2289	2405702	2406641	-1	DNA-binding transcriptional dual regulator LrhA
alaA	b2290	2407560	2408778	1	glutamate--pyruvate aminotransferase AlaA
yfbR	b2291	2408861	2409461	1	dCMP phosphohydrolase
yfbS	b2292	2409519	2411352	-1	putative transporter YfbS
hxpA	b2293	2411438	2412089	-1	hexitol phosphatase A
yfbU	b2294	2412099	2412594	-1	PF03887 family protein YfbU
yfbV	b2295	2412676	2413132	-1	PF04217 family membrane protein YfbV
ackA	b2296	2413469	2414672	1	acetate kinase
pta	b2297	2414746	2416891	1	phosphate acetyltransferase
yfcC	b2298	2417080	2418601	1	putative transporter YfcC
yfcD	b2299	2418633	2419176	-1	putative Nudix hydrolase YfcD
yfcE	b2300	2419233	2419788	-1	phosphodiesterase YfcE
yfcF	b2301	2419840	2420485	-1	glutathione S-transferase YfcF
yfcG	b2302	2420620	2421268	1	disulfide bond oxidoreductase YfcG
folX	b2303	2421324	2421687	1	dihydroneopterin triphosphate 2'-epimerase
yfcH	b2304	2421707	2422601	1	epimerase family protein YfcH
rpnB	b2305	2422648	2423539	-1	recombination-promoting nuclease RpnB
hisP	b2306	2423735	2424509	-1	lysine/arginine/ornithine ABC transporter/histidine ABC transporter, ATP binding subunit
hisM	b2307	2424516	2425233	-1	lysine/arginine/ornithine ABC transporter/histidine ABC transporter, membrane subunit HisM
hisQ	b2308	2425229	2425916	-1	lysine/arginine/ornithine ABC transporter/histidine ABC transporter, membrane subunit HisQ
hisJ	b2309	2426005	2426788	-1	histidine ABC transporter periplasmic binding protein
argT	b2310	2427008	2427791	-1	lysine/arginine/ornithine ABC transporter periplasmic binding protein
ubiX	b2311	2428056	2428626	-1	flavin prenyltransferase
purF	b2312	2428720	2430238	-1	amidophosphoribosyltransferase
cvpA	b2313	2430274	2430763	-1	colicin V production protein
dedD	b2314	2431021	2431684	-1	cell division protein DedD
folC	b2315	2431673	2432942	-1	bifunctional folylpolyglutamate synthetase/dihydrofolate synthetase
accD	b2316	2433011	2433926	-1	acetyl-CoA carboxyltransferase subunit beta
dedA	b2317	2434081	2434741	-1	DedA family protein DedA
truA	b2318	2434823	2435636	-1	tRNA pseudouridine(38-40) synthase
usg	b2319	2435635	2436649	-1	putative semialdehyde dehydrogenase Usg
pdxB	b2320	2436714	2437851	-1	erythronate-4-phosphate dehydrogenase
flk	b2321	2437949	2438945	1	putative flagella assembly protein
yfcJ	b2322	2438941	2440120	-1	putative transporter YfcJ
fabB	b2323	2440384	2441605	-1	3-oxoacyl-[acyl carrier protein] synthase 1
mnmC	b2324	2441763	2443770	1	fused tRNA 5-aminomethyl-2-thiouridylate methyltransferase and tRNA 5-aminomethyl-2-thiouridylate synthase
yfcL	b2325	2443890	2444169	-1	PF08891 family protein YfcL
epmC	b2326	2444202	2444751	-1	EF-P-Lys34 hydroxylase
yfcA	b2327	2444750	2445560	-1	putative transporter YfcA
mepA	b2328	2445559	2446384	-1	peptidoglycan DD-endopeptidase/peptidoglycan LD-endopeptidase
aroC	b2329	2446387	2447473	-1	chorismate synthase
prmB	b2330	2447507	2448440	-1	ribosomal protein L3 N(5)-glutamine methyltransferase
smrB	b2331	2448605	2449157	1	ribosome rescue factor SmrB
yfcO	b2332	2449227	2450049	-1	DUF2544 domain-containing protein YfcO
yfcP	b2333	2450050	2450590	-1	putative fimbrial protein YfcP
yfcQ	b2334	2450586	2451075	-1	putative fimbrial protein YfcQ
yfcR	b2335	2451071	2451584	-1	putative fimbrial protein YfcR
yfcS	b2336	2451583	2452336	-1	putative fimbrial chaperone YfcS
yfcV	b2339	2455082	2455646	-1	putative fimbrial protein YfcV
sixA	b2340	2456326	2456812	-1	phosphohistidine phosphatase SixA
fadJ	b2341	2457014	2459159	-1	multifunctional 3-hydroxyacyl-CoA dehydrogenase/3-hydroxyacyl-CoA epimerase/enoyl-CoA hydratase FadJ
fadI	b2342	2459158	2460469	-1	3-ketoacyl-CoA thiolase FadI
yfcZ	b2343	2460649	2460934	-1	DUF406 domain-containing protein YfcZ
fadL	b2344	2461305	2462646	1	long-chain fatty acid outer membrane channel/bacteriophage T2 receptor
yfdF	b2345	2463011	2464070	1	protein YfdF
mlaA	b2346	2464251	2465007	-1	intermembrane phospholipid transport system - outer membrane lipoprotein MlaA
yfdC	b2347	2465300	2466233	1	inner membrane protein YfdC
intS	b2349	2466544	2467702	1	prophage CPS-53 integrase
yfdG	b2350	2467854	2468217	1	putative bactoprenol-linked glucose translocase
yfdH	b2351	2468213	2469134	1	bactoprenol glucosyl transferase
yfdI	b2352	2469130	2470462	1	serotype-specific glucosyl transferase YfdI
yodE	b4780	2470496	2470643	-1	toxic protein YodE
yfdK	b2354	2471076	2471517	-1	putative tail fiber assembly protein YfdK
yfdM	b2356	2472111	2472387	-1	putative methyltransferase YfdM
yfdN	b2357	2472386	2472881	-1	uncharacterized protein YfdN
yfdO	b2358	2472877	2473246	-1	protein YdfO
yfdP	b2359	2473603	2473966	1	uncharacterized protein YfdP
yfdQ	b2360	2474031	2474856	1	DUF2303 domain-containing protein YfdQ
yfdR	b2361	2474983	2475520	1	5'-deoxynucleotidase
yfdS	b2362	2475510	2475873	1	protein YfdS
yfdT	b2363	2475872	2476178	1	protein YfdT
ypdJ	b4545	2476093	2476234	1	putative uncharacterized protein YpdJ
torI	b4501	2476309	2476510	1	prophage CPS-53 recombination directionality factor and response regulator inhibitor
dsdC	b2364	2476693	2477629	-1	DNA-binding transcriptional dual regulator DsdC
dsdX	b2365	2477846	2479184	1	D-serine transporter
dsdA	b2366	2479201	2480530	1	D-serine ammonia-lyase
emrY	b2367	2480637	2482176	-1	tripartite efflux pump membrane subunit EmrY
emrK	b2368	2482175	2483339	-1	tripartite efflux pump membrane fusion protein EmrK
evgL	b4781	2483728	2483758	1	protein EvgL
evgA	b2369	2483754	2484369	1	DNA-binding transcriptional activator EvgA
evgS	b2370	2484373	2487967	1	sensor histidine kinase EvgS
yfdE	b2371	2488022	2489168	-1	acetyl-CoA:oxalate CoA-transferase
yfdV	b2372	2489241	2490186	-1	putative transport protein YfdV
oxc	b2373	2490255	2491950	-1	oxalyl-CoA decarboxylase
frc	b2374	2492003	2493254	-1	formyl-CoA transferase
yfdX	b2375	2493766	2494402	-1	protein YfdX
ypdI	b2376	2494697	2494973	1	colanic acid synthesis putative lipoprotein YpdI
yfdY	b2377	2495049	2495292	-1	DUF2545 domain-containing protein YfdY
lpxP	b2378	2495644	2496565	1	palmitoleoyl acyltransferase
ypdK	b4680	2496920	2496992	1	putative membrane protein YpdK
alaC	b2379	2497056	2498295	-1	glutamate--pyruvate aminotransferase AlaC
pyrS	b2380	2498670	2500368	1	sensor histidine kinase PyrS
pyrR	b2381	2500382	2501117	1	DNA-binding transcriptional activator PyrR
ypdC	b2382	2501129	2501987	1	putative AraC-type DNA-binding transcriptional regulator YpdC
fryA	b2383	2501989	2504485	-1	putative PTS multiphosphoryl transfer protein FryA
ypdE	b2384	2504509	2505547	-1	aminopeptidase YpdE
ypdF	b2385	2505546	2506632	-1	aminopeptidase YpdF
fryC	b2386	2506646	2507894	-1	putative PTS enzyme IIC component FryC
fryB	b2387	2507915	2508242	-1	putative PTS enzyme IIB component FryB
glk	b2388	2508460	2509426	-1	glucokinase
yfeO	b2389	2509629	2510886	1	putative transport protein YfeO
ypeC	b2390	2511000	2511327	1	DUF2502 domain-containing protein YpeC
mntH	b2392	2511467	2512706	-1	Mn(2(+)):H(+) symporter
ypeD	b4819	2512686	2512776	-1	protein YpeD
nupC	b2393	2513041	2514244	1	nucleoside:H(+) symporter NupC
insL3	b2394	2514330	2515443	1	putative IS186/IS421 transposase
pdeA	b2395	2515642	2517832	-1	putative cyclic di-GMP phosphodiesterase PdeA
yfeC	b2398	2518466	2518811	1	DNA-binding transcriptional dual regulator YfeC
yfeD	b2399	2518812	2519205	1	putative DNA-binding transcriptional regulator YfeD
gltX	b2400	2519256	2520672	-1	glutamate--tRNA ligase
xapR	b2405	2521592	2522477	-1	DNA-binding transcriptional activator XapR
xapB	b2406	2522728	2523985	-1	xanthosine:H(+) symporter XapB
xapA	b2407	2524044	2524878	-1	xanthosine phosphorylase
yfeN	b2408	2525126	2525891	1	putative outer membrane porin YfeN
yfeR	b2409	2525929	2526856	-1	putative DNA-binding transcriptional regulator YfeR
yfeH	b2410	2526945	2527944	1	putative solute:Na(+) symporter
ypeB	b4546	2527940	2528159	-1	PF12843 family protein YpeB
ligA	b2411	2528160	2530176	-1	DNA ligase
zipA	b2412	2530246	2531233	-1	cell division protein ZipA
cysZ	b2413	2531462	2532224	1	sulfate:H(+) symporter
cysK	b2414	2532408	2533380	1	cysteine synthase A
ptsH	b2415	2533763	2534021	1	phosphocarrier protein HPr
ptsI	b2416	2534065	2535793	1	PTS enzyme I
crr	b2417	2535833	2536343	1	Enzyme IIA(Glc)
pdxK	b2418	2536385	2537237	-1	pyridoxine/pyridoxal/pyridoxamine kinase
yfeK	b2419	2537341	2537716	1	DUF5329 domain-containing protein YfeK
yfeS	b2420	2537748	2538483	1	PF05406 family protein YfeS
cysM	b2421	2538671	2539583	-1	cysteine synthase B
cysA	b2422	2539716	2540814	-1	sulfate/thiosulfate ABC transporter ATP binding subunit
cysW	b2423	2540803	2541679	-1	sulfate/thiosulfate ABC transporter inner membrane subunit CysW
cysU	b2424	2541678	2542512	-1	sulfate/thiosulfate ABC transporter inner membrane subunit CysU
cysP	b2425	2542511	2543528	-1	thiosulfate/sulfate ABC transporter periplasmic binding protein CysP
ucpA	b2426	2543831	2544623	-1	oxidoreductase UcpA
murR	b2427	2544751	2545609	-1	DNA-binding transcriptional dual regulator MurR
murQ	b2428	2545772	2546669	1	N-acetylmuramic acid 6-phosphate etherase
murP	b2429	2546672	2548097	1	N-acetylmuramic acid-specific PTS enzyme IICB component/anhydro-N-acetylmuramic acid transporter
yfeW	b2430	2548101	2549406	1	penicillin binding protein 4B
yfeX	b2431	2549645	2550545	-1	porphyrinogen peroxidase
yfeY	b2432	2550640	2551216	-1	DUF1131 domain-containing lipoprotein YfeY
yfeZ	b2433	2551276	2551726	-1	putative inner membrane protein
ypeA	b2434	2551712	2552138	-1	putative acetyltransferase YpeA
amiA	b2435	2552351	2553221	1	N-acetylmuramoyl-L-alanine amidase A
hemF	b2436	2553224	2554124	1	coproporphyrinogen III oxidase
eutR	b2437	2554129	2555182	-1	putative DNA-binding transcriptional regulator EutR
eutK	b2438	2555227	2555728	-1	putative structural protein, ethanolamine utilization microcompartment
eutL	b2439	2555740	2556400	-1	putative structural protein, ethanolamine utilization microcompartment
eutC	b2440	2556409	2557297	-1	ethanolamine ammonia-lyase subunit beta
eutB	b2441	2557317	2558679	-1	ethanolamine ammonia-lyase subunit alpha
intZ	b2442	2558857	2560066	1	putative phage integrase IntZ
yffL	b2443	2560256	2560898	1	uncharacterized protein YffL
yffM	b2444	2561367	2561613	1	uncharacterized protein YffM
yffN	b2445	2561624	2561993	1	uncharacterized protein YffN
yffO	b2446	2562110	2562527	1	uncharacterized protein YffO
yffP	b2447	2562523	2563117	1	uncharacterized protein YffP
yffQ	b2448	2563591	2563969	1	uncharacterized protein YffQ
yffR	b2449	2563979	2564372	1	uncharacterized protein YffR
yffS	b2450	2564522	2565332	1	uncharacterized protein YffS
eutA	b2451	2565480	2566884	-1	ethanolamine ammonia-lyase reactivase EutA
eutH	b2452	2566880	2568107	-1	putative ethanolamine permease EutH
eutG	b2453	2568323	2569511	-1	putative alcohol dehydrogenase EutG
eutJ	b2454	2569500	2570337	-1	putative ethanolamine utilization chaperonin EutJ
eutE	b2455	2570347	2571751	-1	acetaldehyde dehydrogenase (acetylating) EutE
eutN	b2456	2571762	2572050	-1	putative ethanolamine catabolic microcompartment shell protein EutN
eutM	b2457	2572156	2572450	-1	putative ethanolamine catabolic microcompartment shell protein EutM
eutD	b2458	2572488	2573505	-1	phosphate acetyltransferase EutD
eutT	b2459	2573501	2574305	-1	putative ethanolamine utilization cobalamin adenosyltransferase
eutQ	b2460	2574301	2575003	-1	putative ethanolamine utilization acetate kinase EutQ
eutP	b2461	2574977	2575457	-1	putative ethanolamine utilization acetate kinase EutP
eutS	b2462	2575469	2575805	-1	putative ethanolamine catabolic microcompartment shell protein EutS
maeB	b2463	2576097	2578377	-1	malate dehydrogenase (oxaloacetate-decarboxylating) (NADP(+))
talA	b2464	2578665	2579616	1	transaldolase A
tktB	b2465	2579635	2581639	1	transketolase 2
ypfG	b2466	2581733	2582777	-1	DUF1176 domain-containing protein YpfG
nudK	b2467	2582902	2583478	-1	GDP-mannose hydrolase
aegA	b2468	2583545	2585525	-1	putative oxidoreductase AegA
narQ	b2469	2585730	2587431	1	sensor histidine kinase NarQ
acrD	b2470	2587594	2590708	1	multidrug efflux pump RND permease AcrD
ypfM	b4606	2590806	2590866	-1	uncharacterized protein YpfM
yffB	b2471	2591246	2591603	1	putative reductase YffB
dapE	b2472	2591606	2592734	1	succinyl-diaminopimelate desuccinylase
ypfN	b4547	2592761	2592962	1	PF13980 family protein YpfN
ypfH	b2473	2593071	2593770	-1	esterase YpfH
tmcA	b2474	2593843	2595859	-1	tRNA(Met) cytidine acetyltransferase
ypfJ	b2475	2595873	2596737	-1	uncharacterized protein YpfJ
purC	b2476	2596904	2597618	-1	phosphoribosylaminoimidazole-succinocarboxamide synthase
bamC	b2477	2597830	2598865	-1	outer membrane protein assembly factor BamC
dapA	b2478	2598881	2599760	-1	4-hydroxy-tetrahydrodipicolinate synthase
gcvR	b2479	2599905	2600478	1	transcriptional regulator GcvR
bcp	b2480	2600477	2600948	1	thiol peroxidase
hyfA	b2481	2601200	2601818	1	hydrogenase 4 component A
hyfB	b2482	2601817	2603836	1	hydrogenase 4 component B
hyfC	b2483	2603846	2604794	1	hydrogenase 4 component C
hyfD	b2484	2604810	2606250	1	hydrogenase 4 component D
hyfE	b2485	2606261	2606912	1	hydrogenase 4 component E
hyfF	b2486	2606916	2608497	1	hydrogenase 4 component F
hyfG	b2487	2608486	2610154	1	hydrogenase 4 catalytic subunit HyfG
hyfH	b2488	2610163	2610709	1	hydrogenase 4 component H
hyfI	b2489	2610705	2611464	1	hydrogenase 4 catalytic subunit HyfI
hyfJ	b2490	2611456	2611870	1	putative hydrogenase 4 assembly protein
hyfR	b2491	2611899	2613912	1	DNA-binding transcriptional activator HyfR
focB	b2492	2613933	2614782	1	formate channel FocB
yfgO	b2493	2614819	2615881	-1	putative transporter YfgO
bepA	b2494	2616093	2617557	1	beta-barrel assembly-enhancing protease
yfgD	b2495	2617577	2617937	1	putative oxidoreductase YfgD
hda	b2496	2618074	2618776	-1	inibitor of reinitiation of DNA replication
uraA	b2497	2618870	2620160	-1	uracil:H(+) symporter UraA
upp	b2498	2620245	2620872	-1	uracil phosphoribosyltransferase
purM	b2499	2621196	2622234	1	phosphoribosylformylglycinamide cyclo-ligase
purN	b2500	2622233	2622872	1	phosphoribosylglycinamide formyltransferase 1
ppk	b2501	2623043	2625110	1	polyphosphate kinase
ppx	b2502	2625114	2626656	1	exopolyphosphatase
pdeF	b2503	2626694	2628938	-1	cyclic di-GMP phosphodiesterase PdeF
yfgG	b2504	2629289	2629481	1	Ni/Co stress response protein YfgG
yfgH	b2505	2629791	2630310	1	lipoprotein YfgH
yfgI	b2506	2630325	2630865	1	nalidixic acid resistance protein YfgI
guaA	b2507	2630957	2632535	-1	GMP synthetase
guaB	b2508	2632603	2634070	-1	inosine 5'-monophosphate dehydrogenase
xseA	b2509	2634231	2635602	1	exodeoxyribonuclease VII subunit XseA
yfgJ	b2510	2635598	2635814	-1	zinc ribbon domain-containing protein YfgJ
der	b2511	2635883	2637356	-1	50S ribosomal subunit stability factor
bamB	b2512	2637473	2638652	-1	outer membrane protein assembly factor BamB
yfgM	b2513	2638662	2639283	-1	ancillary SecYEG translocon subunit
hisS	b2514	2639300	2640575	-1	histidine--tRNA ligase
ispG	b2515	2640685	2641804	-1	(E)-4-hydroxy-3-methylbut-2-enyl-diphosphate synthase (flavodoxin)
rodZ	b2516	2641830	2642844	-1	cytoskeleton protein RodZ
rlmN	b2517	2643128	2644283	-1	23S rRNA m(2)A2503 methyltransferase/tRNA m(2)A37 methyltransferase
ndk	b2518	2644432	2644864	-1	nucleoside diphosphate kinase
pbpC	b2519	2645012	2647325	-1	peptidoglycan glycosyltransferase PbpC
yfhM	b2520	2647325	2652287	-1	alpha2-macroglobulin
sseA	b2521	2652493	2653339	1	3-mercaptopyruvate sulfurtransferase
timP	b4812	2654000	2654126	1	putative toxic protein TimP
sseB	b2522	2654156	2654933	-1	protein SseB
pepB	b2523	2655074	2656358	-1	aminopeptidase B
iscX	b2524	2656535	2656736	-1	accessory [Fe-S] cluster assembly protein IscX
fdx	b2525	2656747	2657083	-1	reduced ferredoxin
hscA	b2526	2657084	2658935	-1	[Fe-S] cluster biosynthesis chaperone HscA
hscB	b2527	2658951	2659467	-1	[Fe-S] cluster biosynthesis co-chaperone HscB
iscA	b2528	2659562	2659886	-1	iron-sulfur cluster insertion protein IscA
iscU	b2529	2659902	2660289	-1	scaffold protein for [Fe-S] cluster assembly
iscS	b2530	2660316	2661531	-1	cysteine desulfurase IscS
iscR	b2531	2661642	2662131	-1	DNA-binding transcriptional dual regulator IscR
trmJ	b2532	2662582	2663323	-1	tRNA Cm32/Um32 methyltransferase
suhB	b2533	2663441	2664245	1	Nus factor SuhB
yfhR	b2534	2664389	2665244	1	putative peptidase
csiE	b2535	2665434	2666715	1	stationary phase-inducible protein CsiE
hcaT	b2536	2666706	2667846	-1	putative 3-phenylpropionate transporter
hcaR	b2537	2668005	2668896	-1	DNA-binding transcriptional dual regulator HcaR
iroK	b4706	2668005	2668071	-1	protein IroK
hcaE	b2538	2669031	2670393	1	putative 3-phenylpropionate/cinnamate dioxygenase subunit alpha
hcaF	b2539	2670389	2670908	1	putative 3-phenylpropionate/cinnamate dioxygenase subunit beta
hcaC	b2540	2670907	2671228	1	putative 3-phenylpropionate/cinnamate dioxygenase ferredoxin subunit
hcaB	b2541	2671224	2672037	1	2,3-dihydroxy-2,3-dihydrophenylpropionate dehydrogenase
hcaD	b2542	2672046	2673249	1	putative 3-phenylpropionate/cinnamate dioxygenase ferredoxin reductase subunit
yphA	b2543	2673345	2673768	1	putative inner membrane protein
yphB	b2544	2673815	2674688	-1	putative aldose 1-epimerase YphB
yphC	b2545	2674699	2675761	-1	putative zinc-binding dehydrogenase YphC
yphD	b2546	2675826	2676825	-1	putative ABC transporter membrane subunit YphD
yphE	b2547	2676849	2678361	-1	putative ABC transporter ATP-binding protein YphE
yphF	b2548	2678383	2679367	-1	putative ABC transporter periplasmic binding protein YphF
yphG	b2549	2679463	2682745	-1	DUF5107 domain-containing protein YphG
yphH	b2550	2682862	2684056	1	putative DNA-binding transcriptional regulator, NAGC-like
glyA	b2551	2684253	2685507	-1	serine hydroxymethyltransferase
hmp	b2552	2685834	2687025	1	nitric oxide dioxygenase
glnB	b2553	2687069	2687408	-1	nitrogen regulatory protein PII-1
glrR	b2554	2687468	2688803	-1	DNA-binding transcriptional activator GlrR
qseG	b2555	2688792	2689506	-1	outer membrane lipoprotein QseG
glrK	b2556	2689670	2691098	-1	histidine kinase GlrK
purL	b2557	2691655	2695543	-1	phosphoribosylformylglycinamide synthetase
mltF	b2558	2695800	2697357	1	membrane-bound lytic murein transglycosylase F
tadA	b2559	2697353	2697857	-1	tRNA adenosine(34) deaminase
pgpC	b2560	2697914	2698550	-1	phosphatidylglycerophosphatase C
yfhH	b2561	2698758	2699607	1	putative DNA-binding transcriptional regulator YfhH
yfhL	b2562	2699662	2699923	1	putative 4Fe-4S cluster-containing protein YfhL
shoB	b4687	2700116	2700197	-1	toxic peptide ShoB
acpS	b2563	2700617	2700998	-1	holo-[acyl-carrier-protein] synthase
pdxJ	b2564	2700997	2701729	-1	pyridoxine 5'-phosphate synthase
recO	b2565	2701740	2702469	-1	recombination mediator protein RecO
era	b2566	2702480	2703386	-1	30S ribosomal subunit maturation GTPase Era
rnc	b2567	2703382	2704063	-1	RNase III
lepB	b2568	2704334	2705309	-1	signal peptidase I
lepA	b2569	2705324	2707124	-1	30S ribosomal subunit biogenesis factor LepA
rseC	b2570	2707321	2707801	-1	regulatory protein RseC
rseB	b2571	2707797	2708754	-1	anti-sigma factor stabilizing protein RseB
rseA	b2572	2708753	2709404	-1	anti-sigma-E factor RseA
rpoE	b2573	2709436	2710012	-1	RNA polymerase sigma factor RpoE
rseD	b4725	2710008	2710164	-1	rpoE leader peptide
nadB	b2574	2710419	2712042	1	L-aspartate oxidase
yfiC	b2575	2712026	2712764	-1	tRNA m(6)A37 methyltransferase
srmB	b2576	2712895	2714230	1	ATP-dependent RNA helicase SrmB
yfiE	b2577	2714438	2715320	-1	putative LysR-type DNA-binding transcriptional regulator YfiE
eamB	b2578	2715422	2716010	1	cysteine/O-acetylserine exporter EamB
grcA	b2579	2716065	2716449	-1	stress-induced alternate pyruvate formate-lyase subunit
ung	b2580	2716753	2717443	1	uracil-DNA glycosylase
yfiF	b2581	2717490	2718528	-1	putative methyltransferase YfiF
trxC	b2582	2718734	2719154	1	thioredoxin 2
tapT	b2583	2719222	2719921	1	tRNA 3-amino-3-carboxypropyltransferase
patZ	b2584	2719952	2722613	1	peptidyl-lysine N-acetyltransferase
pssL	b4782	2722701	2722743	1	protein PssL
pssA	b2585	2722726	2724082	1	phosphatidylserine synthase
yfiM	b2586	2724127	2724451	1	DUF2279 domain-containing protein YfiM
kgtP	b2587	2724447	2725746	-1	alpha-ketoglutarate:H(+) symporter
yfiS	b4783	2725924	2725987	1	protein YfiS
clpB	b2592	2731599	2734173	-1	chaperone protein ClpB
clpB	b2592	2731599	2733729	-1	ClpB80
yfiH	b2593	2734302	2735034	-1	purine nucleoside phosphorylase YfiH
rluD	b2594	2735030	2736011	-1	23S rRNA pseudouridine(1911/1915/1917) synthase
bamD	b2595	2736145	2736883	1	outer membrane protein assembly factor BamD
raiA	b2597	2737153	2737495	1	ribosome-associated inhibitor A
pheL	b2598	2737598	2737646	1	phe operon leader peptide
pheA	b2599	2737744	2738905	1	fused chorismate mutase/prephenate dehydratase
tyrA	b2600	2738947	2740069	-1	fused chorismate mutase/prephenate dehydrogenase
aroF	b2601	2740079	2741150	-1	3-deoxy-7-phosphoheptulonate synthase, Tyr-sensitive
yfiL	b2602	2741359	2741725	1	DUF2799 domain-containing lipoprotein YfiL
yfiR	b2603	2741874	2742393	1	DUF4154 domain-containing protein YfiR
dgcN	b2604	2742382	2743609	1	diguanylate cyclase DgcN
yfiB	b2605	2743624	2744107	1	lipoprotein YfiB
rplS	b2606	2744182	2744530	-1	50S ribosomal subunit protein L19
trmD	b2607	2744571	2745339	-1	tRNA m(1)G37 methyltransferase
rimM	b2608	2745369	2745918	-1	ribosome maturation factor RimM
rpsP	b2609	2745936	2746185	-1	30S ribosomal subunit protein S16
ffh	b2610	2746433	2747795	-1	signal recognition particle protein component
ypjD	b2611	2747961	2748753	1	cytochrome c assembly family protein
yfjD	b4461	2748773	2750060	1	UPF0053 family inner membrane protein YfjD
grpE	b2614	2750114	2750708	-1	nucleotide exchange factor GrpE
nadK	b2615	2750830	2751709	1	NAD kinase
recN	b2616	2751794	2753456	1	DNA repair protein RecN
bamE	b2617	2753604	2753946	1	outer membrane protein assembly factor BamE
yfjF	b2618	2754007	2754298	-1	putative component of the Rsx system
ratA	b2619	2754287	2754764	-1	ribosome association toxin RatA
smpB	b2620	2754895	2755378	1	SsrA-binding protein
intA	b2622	2756158	2757400	1	integrase IntA
yfjH	b2623	2757643	2758600	-1	uncharacterized protein YfjH
alpA	b2624	2758643	2758856	1	DNA-binding transcriptional activator AlpA
yfjI	b2625	2758984	2760394	1	DUF3987 domain-containing protein YfjI
yfjJ	b2626	2760546	2761173	1	protein YfjJ
abpB	b2627	2761350	2763540	-1	putative helicase YfjK
abpA	b2628	2763536	2765153	-1	anti-bacteriophage protein
yfjM	b2629	2765512	2765776	-1	protein YfjM
rnlA	b2630	2765917	2766991	1	RNase LS, toxin of the RnlAB toxin-antitoxin system
rnlB	b2631	2766983	2767355	1	antitoxin RnlB
yfjP	b2632	2767709	2768573	1	putative GTP-binding protein YfjP
yfjQ	b2633	2768664	2769486	1	DUF932 domain-containing protein YfjQ
yfjR	b2634	2769702	2770404	1	putative DNA-binding transcriptional regulator YfjR
ypjK	b2635	2770444	2770681	1	uncharacterized protein YpjK
yfjS	b2636	2770680	2771124	1	inner membrane lipoprotein YfjS
yfjT	b2637	2771147	2771615	1	uncharacterized protein YfjT
yfjU	b2638	2771839	2772154	-1	putative arsenate reductase-like protein YfjU
yfjW	b2642	2773317	2775021	1	uncharacterized protein YfjW
lfgA	b2643	2775918	2776377	1	putative antirestriction protein
lfgB	b2644	2776385	2776868	1	CP4-57 prophage protease
ypjJ	b4548	2776876	2777077	1	DUF987 domain-containing protein YpjJ
yfjZ	b2645	2777114	2777432	1	putative antitoxin of the YpjF-YfjZ toxin-antitoxin system
ypjF	b2646	2777452	2777782	1	toxin of the YpjF-YfjZ toxin-antitoxin system
ypjA	b2647	2778145	2782726	-1	adhesin-like autotransporter YpjA
ypjB	b2649	2783637	2784429	-1	DUF5508 domain-containing protein YpjB
ypjC	b2650	2784528	2785011	-1	DUF5507 domain-containing protein YpjC
glaH	b2659	2788984	2789962	1	glutarate dioxygenase GlaH
lhgD	b2660	2789981	2791250	1	L-2-hydroxyglutarate dehydrogenase
gabD	b2661	2791272	2792721	1	succinate-semialdehyde dehydrogenase (NADP(+)) GabD
gabT	b2662	2792734	2794015	1	4-aminobutyrate aminotransferase GabT
gabP	b2663	2794252	2795653	1	4-aminobutanoate:H(+) symporter
glaR	b2664	2795673	2796336	1	DNA-binding transcriptional repressor GlaR
kbp	b2665	2796336	2796786	-1	K(+) binding protein
yqaE	b2666	2796869	2797028	-1	Pmp3 family protein YqaE
ygaV	b2667	2797210	2797510	1	putative DNA-binding transcriptional regulator YgaV
ygaP	b2668	2797519	2798044	1	thiosulfate sulfurtransferase YgaP
stpA	b2669	2798090	2798495	-1	DNA-binding transcriptional repressor StpA with RNA chaperone activity
alaE	b2670	2799163	2799613	1	L-alanine exporter
ygaC	b2671	2799649	2799994	-1	DUF2002 domain-containing protein YgaC
ygaM	b2672	2800145	2800475	1	tail-anchored inner membrane protein YgaM
nrdH	b2673	2800722	2800968	1	glutaredoxin-like protein NrdH
nrdI	b2674	2800964	2801375	1	dimanganese-tyrosyl radical cofactor maintenance flavodoxin NrdI
nrdE	b2675	2801347	2803492	1	ribonucleoside-diphosphate reductase 2 subunit alpha
nrdF	b2676	2803501	2804461	1	ribonucleoside-diphosphate reductase 2 subunit beta
proV	b2677	2804814	2806017	1	glycine betaine ABC transporter ATP binding subunit ProV
proW	b2678	2806009	2807074	1	glycine betaine ABC transporter membrane subunit ProW
proX	b2679	2807131	2808124	1	glycine betaine ABC transporter periplasmic binding protein ProX
ygaZ	b2682	2809616	2810354	1	L-valine exporter, YgaZ component
ygaH	b2683	2810343	2810679	1	L-valine exporter, YgaH component
mprA	b2684	2810769	2811300	1	DNA-binding transcriptional regulator MprA
emrA	b2685	2811426	2812599	1	multidrug efflux pump membrane fusion protein EmrA
emrB	b2686	2812615	2814154	1	multidrug efflux pump membrane subunit EmrB
luxS	b2687	2814217	2814733	-1	S-ribosylhomocysteine lyase
gshA	b2688	2814882	2816439	-1	glutamate--cysteine ligase
yqaA	b2689	2816511	2816940	-1	DedA family protein YqaA
yqaB	b2690	2816936	2817503	-1	fructose-1-phosphate phosphatase YqaB
csrA	b2696	2818960	2819146	-1	carbon storage regulator
alaS	b2697	2819380	2822011	-1	alanine--tRNA ligase/DNA-binding transcriptional repressor
recX	b2698	2822138	2822639	-1	RecA inhibitor RecX
recA	b2699	2822707	2823769	-1	DNA recombination/repair protein RecA
pncC	b2700	2823848	2824346	-1	NMN aminohydrolase
mltB	b2701	2824490	2825576	-1	membrane-bound lytic murein transglycosylase B
srlA	b2702	2825831	2826395	1	sorbitol-specific PTS enzyme IIC2 component
srlE	b2703	2826391	2827351	1	sorbitol-specific PTS enzyme IIBC1 component
srlB	b2704	2827361	2827733	1	sorbitol-specific PTS enzyme IIA component
srlD	b2705	2827736	2828516	1	sorbitol-6-phosphate 2-dehydrogenase
gutM	b2706	2828620	2828980	1	DNA-binding transcriptional activator GutM
srlR	b2707	2829046	2829820	1	DNA-binding transcriptional repressor SrlR
gutQ	b2708	2829812	2830778	1	D-arabinose 5-phosphate isomerase GutQ
norR	b2709	2830774	2832289	-1	DNA-binding transcriptional dual regulator NorR
norV	b2710	2832475	2833915	1	anaerobic nitric oxide reductase flavorubredoxin
norW	b2711	2833911	2835045	1	NADH:flavorubredoxin reductase
hypF	b2712	2835172	2837425	-1	carbamoyl--[HypE] ligase
hydN	b2713	2837577	2838105	-1	putative electron transport protein HydN
ascG	b2714	2838253	2839264	-1	DNA-binding transcriptional repressor AscG
ascF	b2715	2839523	2840981	1	cryptic beta-glucoside specific PTS enzyme IIBC component
ascB	b2716	2840989	2842414	1	cryptic 6-phospho-beta-glucosidase AscB
hycI	b2717	2842572	2843043	-1	hydrogenase 3 maturation protease
hycH	b2718	2843035	2843446	-1	formate hydrogenlyase assembly protein
hycG	b2719	2843442	2844210	-1	hydrogenase 3 [Fe-S] protein HycG
hycF	b2720	2844209	2844752	-1	hydrogenase 3 [Fe-S] protein HycF
hycE	b2721	2844761	2846471	-1	hydrogenase 3 large subunit
hycD	b2722	2846488	2847412	-1	hydrogenase 3 membrane subunit HycD
hycC	b2723	2847414	2849241	-1	hydrogenase 3 membrane subunit HycC
hycB	b2724	2849237	2849849	-1	hydrogenase 3 [Fe-S] protein HycB
hycA	b2725	2849973	2850435	-1	regulator of the transcriptional regulator FhlA
hypA	b2726	2850646	2850997	1	hydrogenase 3 Ni(2(+)) incorporation protein HypA
hypB	b2727	2851000	2851873	1	hydrogenase isoenzymes Ni(2(+)) incorporation protein HypB
hypC	b2728	2851863	2852136	1	hydrogenase maturation factor HypC
hypD	b2729	2852135	2853257	1	Fe-(CN)2CO cofactor assembly scaffold protein HypD
hypE	b2730	2853253	2854264	1	carbamoyl dehydratase HypE
fhlA	b2731	2854337	2856416	1	DNA-binding transcriptional activator FhlA
ygbA	b2732	2856452	2856806	-1	protein YgbA
mutS	b2733	2857092	2859654	1	DNA mismatch repair protein MutS
pphB	b2734	2859759	2860416	1	phosphoprotein phosphatase 2
ygbI	b2735	2860466	2861234	-1	DNA-binding transcriptional repressor YgbI
ygbJ	b2736	2861429	2862338	1	putative L-threonate dehydrogenase
ygbK	b2737	2862334	2863501	1	putative 3-oxo-tetronate kinase YgbK
ygbL	b2738	2863592	2864231	1	putative 3-oxo-tetronate 4-phosphate decarboxylase YgbL
ygbM	b2739	2864235	2865012	1	putative 2-oxo-tetronate isomerase YgbM
ygbN	b2740	2865100	2866465	1	putative transporter YgbN
rpoS	b2741	2866558	2867551	-1	RNA polymerase sigma factor RpoS
nlpD	b2742	2867613	2868753	-1	murein hydrolase activator NlpD
pcm	b2743	2868892	2869519	-1	protein-L-isoaspartate O-methyltransferase
umpG	b2744	2869512	2870274	-1	broad specificity 5'(3')-nucleotidase and polyphosphatase
truD	b2745	2870254	2871304	-1	tRNA pseudouridine(13) synthase
ispF	b2746	2871300	2871780	-1	2-C-methyl-D-erythritol 2,4-cyclodiphosphate synthase
ispD	b2747	2871779	2872490	-1	2-C-methyl-D-erythritol 4-phosphate cytidylyltransferase
ftsB	b2748	2872508	2872820	-1	cell division protein FtsB
ygbE	b2749	2873013	2873337	-1	DUF3561 domain-containing inner membrane protein YgbE
cysC	b2750	2873386	2873992	-1	adenylyl-sulfate kinase
cysN	b2751	2873991	2875419	-1	sulfate adenylyltransferase subunit 1
cysD	b2752	2875420	2876329	-1	sulfate adenylyltransferase subunit 2
iap	b2753	2876580	2877618	1	alkaline phosphatase isozyme conversion protein
cas2	b2754	2878568	2878853	-1	CRISPR-associated endoribonuclease Cas2
cas1	b2755	2878854	2879772	-1	multifunctional nuclease Cas1
casE	b2756	2879787	2880387	-1	pre-CRISPR RNA endonuclease
casD	b2757	2880373	2881048	-1	type I-E CRISPR system Cascade subunit CasD
casC	b2758	2881050	2882142	-1	type I-E CRISPR system Cascade subunit CasC
casB	b2759	2882154	2882637	-1	type I-E CRISPR system Cascade subunit CasB
casA	b2760	2882629	2884138	-1	type I-E CRISPR system Cascade subunit CasA
cas3	b2761	2884552	2887219	-1	CRISPR-associated endonuclease/helicase Cas3
cysH	b2762	2887577	2888312	-1	phosphoadenosine phosphosulfate reductase
cysI	b2763	2888386	2890099	-1	sulfite reductase, hemoprotein subunit
cysJ	b2764	2890098	2891898	-1	sulfite reductase, flavoprotein subunit
queD	b2765	2892213	2892579	1	6-carboxy-5,6,7,8-tetrahydropterin synthase
ygcN	b2766	2892656	2893928	1	putative oxidoreductase with FAD/NAD(P)-binding domain
ygcO	b2767	2893918	2894179	1	putative 4Fe-4S cluster-containing protein
ygcP	b2768	2894195	2894771	1	putative anti-terminator regulatory protein
ygcQ	b2769	2894918	2895779	-1	putative flavoprotein
ygcR	b2770	2895775	2896555	-1	putative flavoprotein
ygcS	b2771	2896532	2897870	-1	putative transporter YgcS
ygcU	b4463	2897963	2899418	-1	putative FAD-containing dehydrogenase
ygcW	b2774	2899487	2900273	-1	putative deoxygluconate dehydrogenase
yqcE	b2775	2900591	2901869	1	putative transport protein YqcE
ygcE	b2776	2901895	2903374	1	putative sugar kinase YgcE
queE	b2777	2904746	2905418	-1	putative 7-carboxy-7-deazaguanine synthase QueE
yqcG	b4682	2905556	2905697	1	cell envelope stress response protein YqcG
ygcG	b2778	2905710	2906583	1	TPM domain-containing protein YgcG
eno	b2779	2906642	2907941	-1	enolase
pyrG	b2780	2908028	2909666	-1	CTP synthetase
mazG	b2781	2909893	2910685	-1	nucleoside triphosphate pyrophosphohydrolase
mazF	b2782	2910755	2911091	-1	endoribonuclease toxin MazF
mazE	b2783	2911090	2911339	-1	antitoxin of the MazF-MazE toxin-antitoxin system MazE
relA	b2784	2911416	2913651	-1	GDP/GTP pyrophosphokinase
rlmD	b2785	2913698	2915000	-1	23S rRNA m(5)U1939 methyltransferase
barA	b2786	2915056	2917813	1	sensor histidine kinase BarA
gudD	b2787	2918044	2919385	-1	D-glucarate dehydratase
gudX	b2788	2919405	2920746	-1	glucarate dehydratase-related protein
gudP	b2789	2920747	2922100	-1	galactarate/D-glucarate transporter GudP
yqcA	b2790	2922534	2922984	-1	putative flavodoxin YqcA
truC	b2791	2923001	2923784	-1	tRNA pseudouridine(65) synthase
yqcC	b2792	2923783	2924113	-1	DUF446 domain-containing protein YqcC
syd	b2793	2924734	2925280	-1	SecY-interacting protein
queF	b2794	2925347	2926196	1	7-cyano-7-deazaguanine reductase
ppnN	b2795	2926307	2927672	1	nucleotide 5'-monophosphate nucleosidase
sdaC	b2796	2928228	2929518	1	L-serine:H(+) symporter
sdaB	b2797	2929575	2930943	1	L-serine deaminase II
ygdG	b2798	2931054	2931810	1	flap endonuclease
fucO	b2799	2931864	2933013	-1	L-1,2-propanediol oxidoreductase
fucA	b2800	2933040	2933688	-1	L-fuculose-phosphate aldolase
fucP	b2801	2934234	2935551	1	L-fucose:H(+) symporter
fucI	b2802	2935583	2937359	1	L-fucose isomerase
fucK	b2803	2937467	2938886	1	L-fuculokinase
fucU	b2804	2938887	2939310	1	L-fucose mutarotase
fucR	b2805	2939367	2940099	1	DNA-binding transcriptional activator FucR
rlmM	b2806	2940142	2941243	-1	23S rRNA 2'-O-ribose C2498 methyltransferase
ygdD	b2807	2941235	2941631	-1	DUF423 domain-containing inner membrane protein YgdD
gcvA	b2808	2941649	2942567	-1	DNA-binding transcriptional dual regulator GcvA
ygdI	b2809	2942917	2943145	-1	DUF903 domain-containing lipoprotein YgdI
csdA	b2810	2943336	2944542	1	cysteine sulfinate desulfinase
csdE	b2811	2944541	2944985	1	sulfur acceptor protein CsdE
tcdA	b2812	2945035	2945842	-1	tRNA threonylcarbamoyladenosine dehydratase
mltA	b2813	2946080	2947178	-1	membrane-bound lytic murein transglycosylase A
amiC	b2817	2947756	2949010	-1	N-acetylmuramoyl-L-alanine amidase C
argA	b2818	2949241	2950573	1	N-acetylglutamate synthase
recD	b2819	2950634	2952461	-1	exodeoxyribonuclease V subunit RecD
recB	b2820	2952460	2956003	-1	exodeoxyribonuclease V subunit RecB
ptrA	b2821	2955995	2958884	-1	protease 3
recC	b2822	2959059	2962428	-1	exodeoxyribonuclease V subunit RecC
ppdC	b2823	2962440	2962764	-1	prepilin-type N-terminal cleavage/methylation domain-containing protein PpdC
ygdB	b2824	2962748	2963156	-1	DUF2509 domain-containing protein YgdB
ppdB	b2825	2963152	2963716	-1	prepilin-type N-terminal cleavage/methylation domain-containing protein PpdB
ppdA	b2826	2963706	2964177	-1	prepilin-type N-terminal cleavage/methylation domain-containing protein PpdA
thyA	b2827	2964360	2965155	-1	thymidylate synthase
lgt	b2828	2965161	2966037	-1	phosphatidylglycerol--prolipoprotein diacylglyceryl transferase
ptsP	b2829	2966187	2968434	-1	phosphoenolpyruvate-protein phosphotransferase PtsP
rppH	b2830	2968446	2968977	-1	RNA pyrophosphohydrolase
ygdT	b4610	2969329	2969476	-1	YgdT
mutH	b2831	2969661	2970351	1	DNA mismatch repair protein MutH
ygdQ	b2832	2970419	2971133	1	PF03741 family inner membrane protein YgdQ
ygdR	b2833	2971270	2971489	1	DUF903 domain-containing lipoprotein YgdR
tas	b2834	2971596	2972637	1	putative NADP(H)-dependent aldo-keto reductase Tas
lplT	b2835	2972668	2973862	-1	lysophospholipid transporter
aas	b2836	2973854	2976014	-1	fused 2-acylglycerophospho-ethanolamine acyltransferase/acyl-acyl carrier protein synthetase
galR	b2837	2976598	2977630	1	DNA-binding transcriptional dual regulator GalR
lysA	b2838	2977636	2978899	-1	diaminopimelate decarboxylase
lysR	b2839	2979020	2979956	1	DNA-binding transcriptional dual regulator LysR
ygeA	b2840	2979942	2980635	-1	amino acid racemase YgeA
araE	b2841	2980763	2982182	-1	arabinose:H(+) symporter
kduD	b2842	2982496	2983258	-1	2-keto-3-deoxy-D-gluconate dehydrogenase
kduI	b2843	2983287	2984124	-1	5-dehydro-4-deoxy-D-glucuronate isomerase
yqeF	b2844	2984410	2985592	-1	putative acyltransferase
yqeG	b2845	2985846	2987076	1	putative transporter YqeG
yqeH	b2846	2987535	2988168	1	putative LuxR family transcriptional regulator YqeH
yqeI	b2847	2988501	2989311	1	putative transcriptional regulator YqeI
yqeJ	b2848	2989303	2989786	1	protein YqeJ
yqeL	b4683	2989818	2989899	-1	uncharacterized protein YqeL
yqeK	b2849	2989934	2990360	-1	protein YqeK
ygeG	b2851	2991267	2991759	1	TPR repeat-containing putative chaperone YgeG
ygeH	b2852	2992093	2993470	1	putative transcriptional regulator YgeH
ygeI	b2853	2993637	2993856	1	protein YgeI
insD4	b2860	2996371	2997277	-1	IS2 insertion element protein InsB
insC4	b2861	2997234	2997600	-1	IS2 insertion element repressor InsA
ygeQ	b2863	2998033	2998828	-1	putative lipoprotein YgeQ
actS	b2865	2999135	2999891	-1	amidase activator
xdhA	b2866	3000344	3002603	1	putative xanthine dehydrogenase molybdenum-binding subunit XdhA
xdhB	b2867	3002613	3003492	1	putative xanthine dehydrogenase FAD-binding subunit XdhB
xdhC	b2868	3003488	3003968	1	putative xanthine dehydrogenase [Fe-S]-binding subunit XdhC
ygeV	b2869	3004007	3005786	-1	putative sigma(54)-dependent transcriptional regulator YgeV
ygeW	b2870	3006261	3007452	1	putative carbamoyltransferase YgeW
ygeX	b2871	3007509	3008706	1	2,3-diaminopropionate ammonia-lyase
ygeY	b2872	3008763	3009975	1	putative peptidase YgeY
hyuA	b2873	3010027	3011413	1	phenylhydantoinase
yqeA	b2874	3011460	3012393	1	putative amino acid kinase YqeA
yqeB	b2875	3012613	3014239	-1	XdhC-CoxI family protein YqeB
yqeC	b2876	3014286	3015057	-1	uncharacterized protein YqeC
mocA	b2877	3015159	3015738	1	molybdenum cofactor cytidylyltransferase
ygfK	b2878	3016059	3019158	1	putative oxidoreductase, Fe-S subunit
ssnA	b2879	3019160	3020489	1	putative aminohydrolase SsnA
ygfM	b2880	3020539	3021319	1	putative oxidoreductase
xdhD	b2881	3021315	3024186	1	fused putative xanthine/hypoxanthine oxidase: molybdopterin-binding subunit and Fe-S binding subunit
xanQ	b2882	3024350	3025751	1	xanthine:H(+) symporter XanQ
guaD	b2883	3025765	3027085	1	guanine deaminase
ghxQ	b4464	3027120	3028488	1	guanine/hypoxanthine transporter GhxQ
ygfS	b2886	3028523	3029012	-1	putative electron transport protein YgfS
ygfT	b2887	3029011	3030931	-1	putative oxidoreductase YgfT
uacT	b2888	3031366	3032815	1	urate:H(+) symporter
yqfG	b4684	3032816	3032942	1	uncharacterized protein YqfG
yqfH	b4753	3032938	3033010	-1	protein YqfH
idi	b2889	3033064	3033613	1	isopentenyl-diphosphate Delta-isomerase
lysS	b2890	3033656	3035174	-1	lysine--tRNA ligase
prfB	b2891	3035183	3036282	-1	peptide chain release factor RF2
recJ	b2892	3036372	3038106	-1	ssDNA-specific exonuclease RecJ
dsbC	b2893	3038111	3038822	-1	protein disulfide isomerase DsbC
xerD	b2894	3038846	3039743	-1	site-specific recombinase
fldB	b2895	3039854	3040376	1	flavodoxin 2
ygfX	b2896	3040415	3040823	-1	protein YgfX
sdhE	b2897	3040803	3041070	-1	FAD assembly factor
ygfZ	b2898	3041312	3042293	1	folate-binding protein YgfZ
trhA	b2899	3042488	3043148	-1	transmembrane homeostasis protein A
yqfB	b2900	3043311	3043623	-1	N(4)-acetylcytidine amidohydrolase
bglA	b2901	3043661	3045101	1	6-phospho-beta-glucosidase A
ygfF	b2902	3045157	3045901	-1	putative oxidoreductase YgfF
gcvP	b2903	3046167	3049041	-1	glycine decarboxylase
gcvH	b2904	3049159	3049549	-1	glycine cleavage system H protein
gcvT	b2905	3049572	3050667	-1	aminomethyltransferase
yqfI	b4754	3050957	3051041	1	protein YqfI
ubiI	b2906	3051114	3052317	-1	2-octaprenylphenol 6-hydroxylase
ubiH	b2907	3052339	3053518	-1	2-octaprenyl-6-methoxyphenol 4-hydroxylase
pepP	b2908	3053514	3054840	-1	Xaa-Pro aminopeptidase
ygfB	b2909	3054865	3055444	-1	PF03695 family protein YgfB
zapA	b2910	3055611	3055941	1	cell division protein ZapA
fau	b2912	3056240	3056789	1	5-formyltetrahydrofolate cyclo-ligase
ibsC	b4665	3056889	3056949	-1	toxic peptide IbsC
serA	b2913	3057177	3058410	-1	phosphoglycerate dehydrogenase
rpiA	b2914	3058665	3059325	-1	ribose-5-phosphate isomerase A
argP	b2916	3059752	3060646	1	DNA-binding transcriptional dual regulator ArgP
scpA	b2917	3060849	3062994	1	methylmalonyl-CoA mutase
argK	b2918	3062986	3063982	1	methylmalonyl-CoA mutase-interacting GTPase YgfD
scpB	b2919	3063992	3064778	1	methylmalonyl-CoA decarboxylase
scpC	b2920	3064801	3066280	1	propionyl-CoA:succinate CoA transferase
srsR	b2921	3066276	3067173	-1	DNA-binding transcriptional activator YgfI
yggE	b2922	3067339	3068080	-1	DUF541 domain-containing protein YggE
argO	b2923	3068172	3068808	-1	L-arginine exporter
mscS	b2924	3068946	3069807	-1	small conductance mechanosensitive channel MscS
fbaA	b2925	3070164	3071244	-1	fructose-bisphosphate aldolase class II
pgk	b2926	3071458	3072622	-1	phosphoglycerate kinase
epd	b2927	3072671	3073691	-1	D-erythrose-4-phosphate dehydrogenase
yggC	b2928	3073975	3074689	-1	P-loop NTPase domain-containing protein YggC
fumE	b2929	3074685	3075195	-1	fumarase E
yggF	b2930	3075216	3076182	-1	fructose 1,6-bisphosphatase YggF
yggP	b4465	3076178	3077456	-1	putative zinc-binding dehydrogenase YggP
cmtA	b2933	3077470	3078859	-1	mannitol-specific PTS enzyme IICB component CmtA
cmtB	b2934	3078886	3079330	-1	mannitol-specific PTS enzyme IIA component CmtB
tktA	b2935	3079643	3081635	-1	transketolase 1
loiP	b2936	3081912	3082671	1	metalloprotease LoiP
speB	b2937	3082876	3083797	-1	agmatinase
speA	b2938	3083934	3085911	-1	biosynthetic arginine decarboxylase
yqgB	b2939	3085919	3086051	-1	acid stress response protein YqgB
yqgG	b4784	3086144	3086288	-1	protein YqgG
yqgC	b2940	3086186	3086402	1	protein YqgC
yqgD	b2941	3086398	3086650	-1	DUF2684 domain-containing protein YqgD
metK	b2942	3086705	3087860	1	methionine adenosyltransferase
galP	b2943	3088283	3089678	1	galactose:H(+) symporter
yggI	b2944	3089754	3090252	1	protein YggI
endA	b2945	3090346	3091054	1	DNA-specific endonuclease I
rsmE	b2946	3091133	3091865	1	16S rRNA m(3)U1498 methyltransferase
gshB	b2947	3091877	3092828	1	glutathione synthetase
yqgE	b2948	3092936	3093500	1	DUF179 domain-containing protein YqgE
yqgF	b2949	3093499	3093916	1	ribonuclease H-like domain-containing nuclease
yggR	b2950	3094099	3095080	-1	Type II/IV secretion system family protein
yggS	b2951	3095097	3095802	1	PLP homeostasis protein
yggT	b2952	3095819	3096386	1	uncharacterized protein YggT
yggU	b2953	3096382	3096673	1	DUF167 domain-containing protein YggU
rdgB	b2954	3096680	3097274	1	dITP/XTP pyrophosphatase
hemW	b2955	3097266	3098403	1	heme chaperone HemW
yggM	b2956	3098557	3099565	-1	DUF1202 domain-containing protein YggM
ansB	b2957	3099681	3100728	-1	L-asparaginase 2
yggN	b2958	3100903	3101623	-1	DUF2884 domain-containing protein YggN
yggL	b2959	3101806	3102133	-1	putative ribosome assembly factor YggL
trmB	b2960	3102132	3102852	-1	tRNA m(7)G46 methyltransferase
mutY	b2961	3103012	3104065	1	adenine DNA glycosylase
yggX	b2962	3104092	3104368	1	putative Fe(2(+))-trafficking protein
mltC	b2963	3104432	3105512	1	membrane-bound lytic murein transglycosylase C
nupG	b2964	3105713	3106970	1	nucleoside:H(+) symporter NupG
speC	b2965	3107019	3109155	-1	constitutive ornithine decarboxylase
yqgH	b4785	3109316	3109400	-1	protein YqgH
yqgA	b2966	3109552	3110260	1	DUF554 domain-containing protein YqgA
yghD	b2968	3110589	3111126	-1	putative type II secretion system M-type protein YghD
yghE	b2969	3111127	3111988	-1	putative type II secretion system L-type protein YghE
yqhJ	b4786	3111265	3111325	1	protein YqhJ
yghF	b2970	3112053	3113049	-1	putative type II secretion system C-type protein YghF
yghG	b2971	3113066	3113477	-1	outer membrane pilotin
pppA	b2972	3113542	3114352	-1	prepilin peptidase
yghJ	b4466	3114549	3119112	-1	putative mayloidogenic protein
glcA	b2975	3119596	3121279	-1	glycolate/lactate:H(+) symporter GlcA
glcB	b2976	3121633	3123805	-1	malate synthase G
glcG	b2977	3123826	3124231	-1	putative heme-binding protein GlcG
glcF	b4467	3124235	3125459	-1	glycolate dehydrogenase, [Fe-S] subunit
glcE	b4468	3125469	3126522	-1	glycolate dehydrogenase, predicted FAD-binding subunit
glcD	b2979	3126521	3128021	-1	glycolate dehydrogenase, predicted FAD-linked subunit
glcC	b2980	3128271	3129036	1	DNA-binding transcriptional dual regulator GlcC
yghO	b2981	3129042	3130215	-1	putative DNA-binding transcriptional regulator YghO
insH9	b2982	3130213	3131194	1	IS5 transposase and trans-activator
yghQ	b2983	3131340	3132408	-1	putative transport protein YghQ
yghR	b2984	3132453	3133212	-1	putative ATP-binding protein YghR
yghS	b2985	3133243	3133957	-1	putative ATP-binding protein YghS
yghT	b2986	3134130	3134823	1	putative ATP-binding protein YghT
pitB	b2987	3134871	3136371	-1	metal phosphate:H(+) symporter PitB
gss	b2988	3136662	3138522	-1	fused glutathionylspermidine amidase/glutathionylspermidine synthetase
yghU	b2989	3138726	3139593	1	disulfide reductase/organic hydroperoxide reductase
hybG	b2990	3139715	3139964	-1	hydrogenase maturation factor HybG
hybF	b2991	3139976	3140318	-1	hydrogenase maturation protein HybF
hybE	b2992	3140310	3140799	-1	hydrogenase 2-specific chaperone
hybD	b2993	3140791	3141286	-1	hydrogenase 2 maturation protease
hybC	b2994	3141285	3142989	-1	hydrogenase 2 large subunit
hybB	b2995	3142985	3144164	-1	hydrogenase 2 membrane subunit
hybA	b2996	3144153	3145140	-1	hydrogenase 2 [Fe-S] protein
hybO	b2997	3145142	3146261	-1	hydrogenase 2 small subunit
yghW	b2998	3146449	3146737	-1	DUF2623 domain-containing protein YghW
yqhI	b4755	3147596	3147740	-1	protein YqhI
gpr	b3001	3147896	3148937	1	L-glyceraldehyde 3-phosphate reductase
yqhA	b3002	3148976	3149471	-1	UPF0114 family protein YqhA
yghA	b3003	3149661	3150546	1	NADP(+)-dependent aldehyde reductase
exbD	b3005	3150817	3151243	-1	Ton complex subunit ExbD
exbB	b3006	3151249	3151984	-1	Ton complex subunit ExbB
metC	b3008	3152235	3153423	1	cystathionine beta-lyase/L-cysteine desulfhydrase/alanine racemase
yghB	b3009	3153562	3154222	1	DedA family protein YghB
yqhC	b3010	3154261	3155218	-1	DNA-binding transcriptional activator YqhC
yqhD	b3011	3155354	3156518	1	NADPH-dependent aldehyde reductase YqhD
dkgA	b3012	3156622	3157450	1	methylglyoxal reductase DkgA
yqhG	b3013	3157649	3158576	1	DUF3828 domain-containing protein YqhG
yqhH	b3014	3158626	3158884	1	lipoprotein YqhH
ygiQ	b4469	3158926	3161146	-1	radical SAM superfamily protein YgiQ
ftsP	b3017	3161256	3162669	-1	cell division protein FtsP
plsC	b3018	3162743	3163481	-1	1-acylglycerol-3-phosphate O-acyltransferase PlsC
parC	b3019	3163714	3165973	-1	DNA topoisomerase IV subunit A
ygiS	b3020	3166110	3167718	-1	putative deoxycholate binding periplasmic protein
mqsA	b3021	3167850	3168246	-1	antitoxin of the MqsRA TA system/DNA-binding transcriptional repressor MqsA
mqsR	b3022	3168247	3168544	-1	mRNA interferase toxin MqsR
ygiV	b3023	3168748	3169231	-1	DNA-binding transcriptional repressor YgiV
ygiW	b3024	3169283	3169676	-1	BOF family protein YgiW
qseB	b3025	3169827	3170487	1	DNA-binding transcriptional activator QseB
qseC	b3026	3170483	3171833	1	sensor histidine kinase QseC
ygiZ	b3027	3171878	3172211	-1	DUF2645 domain-containing inner membrane protein YgiZ
mdaB	b3028	3172529	3173111	1	NADPH:quinone oxidoreductase MdaB
ygiN	b3029	3173141	3173456	1	putative quinol monooxygenase YgiN
parE	b3030	3173503	3175396	-1	DNA topoisomerase IV subunit B
yqiA	b3031	3175424	3176006	-1	esterase YqiA
cpdA	b3032	3176005	3176833	-1	cAMP phosphodiesterase
yqiB	b3033	3176857	3177280	-1	DUF1249 domain-containing protein YqiB
nudF	b3034	3177280	3177910	-1	ADP-sugar pyrophosphatase
tolC	b3035	3178114	3179596	1	outer membrane channel TolC
ygiB	b3037	3179743	3180415	1	DUF1190 domain-containing protein YgiB
ygiC	b3038	3180420	3181581	1	peptide--spermidine ligase YgiC
ygiD	b3039	3181618	3182434	-1	4,5-DOPA dioxygenase extradiol
zupT	b3040	3182549	3183323	1	divalent metal ion transporter ZupT
yqiD	b4756	3183380	3183551	-1	protein YqiD
ribB	b3041	3183812	3184466	-1	3,4-dihydroxy-2-butanone-4-phosphate synthase
ubiK	b3042	3184839	3185130	1	ubiquinone biosynthesis accessory factor UbiK
ygiL	b3043	3185413	3185965	1	putative fimbrial protein YgiL
yqiG	b3046	3186024	3189865	1	putative outer membrane usher protein YqiG
insC5	b3044	3186186	3186552	1	IS2 insertion element repressor InsA
insD5	b3045	3186509	3187415	1	IS2 insertion element protein InsB
yqiH	b3047	3189880	3190630	1	putative fimbrial chaperone YqiH
yqiI	b3048	3190631	3191696	1	putative fimbrial protein YqiI
glgS	b3049	3191738	3191939	-1	surface composition regulator
yqiJ	b3050	3192207	3192837	1	DUF1449 domain-containing inner membrane protein YqiJ
yqiK	b3051	3192863	3194525	1	flotillin family inner membrane protein YqiK
ibsD	b4664	3194765	3194825	1	putative toxic peptide IbsD
ibsE	b4666	3195140	3195200	1	toxic peptide IbsE
hldE	b3052	3195319	3196753	-1	fused heptose 7-phosphate kinase/heptose 1-phosphate adenyltransferase
glnE	b3053	3196800	3199641	-1	fused glutamine synthetase deadenylase/glutamine synthetase adenylyltransferase
ygiF	b3054	3199663	3200965	-1	inorganic triphosphatase
ygiM	b3055	3201206	3201827	1	putative signal transduction protein (SH3 domain)
cca	b3056	3201890	3203129	1	fused CCA tRNA nucleotidyltransferase/phosphohydrolase
bacA	b3057	3203309	3204131	-1	undecaprenyl pyrophosphate phosphatase
folB	b3058	3204220	3204589	-1	dihydroneopterin aldolase
plsY	b3059	3204693	3205311	1	putative glycerol-3-phosphate acyltransferase
ttdR	b3060	3205323	3206256	-1	DNA-binding transcriptional activator Dan
ttdA	b3061	3206462	3207374	1	L(+)-tartrate dehydratase subunit alpha
ttdB	b3062	3207370	3207976	1	L(+)-tartrate dehydratase subunit beta
ttdT	b3063	3208023	3209487	1	L-tartrate:succinate antiporter
tsaD	b3064	3209529	3210543	-1	N(6)-L-threonylcarbamoyladenine synthase, TsaD subunit
rpsU	b3065	3210780	3210996	1	30S ribosomal subunit protein S21
dnaG	b3066	3211106	3212852	1	DNA primase
rpoD	b3067	3213046	3214888	1	RNA polymerase sigma factor RpoD
mug	b3068	3214966	3215473	-1	stationary phase mismatch/uracil DNA glycosylase
nfeF	b3070	3215726	3216491	-1	NADPH-dependent Fe(3(+))-chelate reductase
nfeR	b3071	3216778	3217402	1	DNA-binding transcriptional repressor NfeR
aer	b3072	3217555	3219076	-1	aerotaxis receptor
patA	b3073	3219493	3220873	1	putrescine aminotransferase
ygjH	b3074	3220914	3221247	-1	putative tRNA-binding protein YgjH
ebgR	b3075	3221465	3222449	1	DNA-binding transcriptional repressor EbgR
ebgA	b3076	3222632	3225725	1	evolved beta-D-galactosidase subunit alpha
ebgC	b3077	3225721	3226171	1	DUF386 domain-containing evolved beta-D-galactosidase subunit beta
ygjI	b3078	3226233	3227667	1	putative transporter YgjI
ygjJ	b3079	3227800	3228871	1	protein YgjJ
ygjK	b3080	3228887	3231239	1	glycoside hydrolase
fadH	b3081	3231664	3233683	1	2,4-dienoyl-CoA reductase
higA	b3082	3233727	3234144	-1	antitoxin/DNA-binding transcriptional repressor HigA
higB	b3083	3234140	3234455	-1	ribosome-dependent mRNA interferase toxin HigB
rlmG	b3084	3234738	3235875	-1	23S rRNA m(2)G1835 methyltransferase
ygjP	b3085	3235959	3236463	1	putative metal-dependent hydrolase
ygjQ	b3086	3236539	3237232	1	DUF218 domain-containing protein YgjQ
ygjR	b3087	3237310	3238297	1	putative oxidoreductase YgjR
alx	b3088	3238579	3239545	1	Mn(2(+)) exporter Alx
sstT	b3089	3239943	3241188	1	serine/threonine:Na(+) symporter
ygjV	b3090	3241192	3241744	-1	inner membrane protein YgjV
uxaA	b3091	3241826	3243314	-1	D-altronate dehydratase
uxaC	b3092	3243328	3244741	-1	D-glucoronate/D-galacturonate isomerase
exuT	b3093	3245223	3246522	1	hexuronate transporter
exuR	b3094	3246651	3247428	1	DNA-binding transcriptional repressor ExuR
yqiM	b4787	3247667	3247751	1	protein YqiM
yqjA	b3095	3247772	3248435	1	DedA family protein YqjA
mzrA	b3096	3248438	3248822	1	modulator protein MzrA
yqjC	b3097	3248968	3249337	1	DUF1090 domain-containing protein YqjC
yqjD	b3098	3249374	3249680	1	ribosome- and membrane-associated DUF883 domain-containing protein YqjD
yqjE	b3099	3249682	3250087	1	inner membrane protein YqjE
yqjK	b3100	3250076	3250376	1	PF13997 family protein YqjK
yqjF	b3101	3250561	3250954	1	DoxX family protein
yqjG	b3102	3251023	3252010	1	glutathionyl-hydroquinone reductase YqjG
yhaH	b3103	3252303	3252669	1	putative inner membrane protein
yhaI	b3104	3252910	3253267	1	putative inner membrane protein
yhaJ	b3105	3253317	3254214	-1	DNA-binding transcriptional activator YhaJ
yhaK	b3106	3254318	3255020	1	bicupin-related protein
yhaL	b3107	3255042	3255207	1	uncharacterized protein YhaL
cyuA	b4470	3255340	3256651	-1	L-cysteine desulfidase
cyuP	b3110	3256678	3258010	-1	L-cysteine importer
tdcG	b4471	3258284	3259649	-1	L-serine deaminase III
tdcF	b3113	3259720	3260110	-1	putative enamine/imine deaminase
tdcE	b3114	3260123	3262418	-1	2-oxobutanoate formate-lyase/pyruvate formate-lyase 4
tdcD	b3115	3262451	3263660	-1	propionate kinase
tdcC	b3116	3263685	3265017	-1	threonine/serine:H(+) symporter TdcC
tdcB	b3117	3265038	3266028	-1	catabolic threonine dehydratase
tdcA	b3118	3266126	3267065	-1	DNA-binding transcriptional activator TdcA
tdcR	b3119	3267379	3267598	1	DNA-binding transcriptional activator TdcR
yhaB	b3120	3267853	3268393	1	protein YhaB
yhaC	b3121	3268414	3269602	1	uncharacterized protein YhaC
garK	b3124	3270624	3271770	-1	glycerate 2-kinase 1
garR	b3125	3271866	3272751	-1	tartronate semialdehyde reductase
garL	b3126	3272786	3273557	-1	alpha-dehydro-beta-deoxy-D-glucarate aldolase
garP	b3127	3273572	3274907	-1	galactarate/D-glucarate transporter GarP
garD	b3128	3275281	3276853	1	galactarate dehydratase
prlF	b3129	3277001	3277337	1	antitoxin PrlF
yhaV	b3130	3277336	3277801	1	ribosome-dependent mRNA interferase toxin YhaV
agaR	b3131	3277855	3278665	-1	DNA-binding transcriptional repressor AgaR
kbaZ	b3132	3278913	3280194	1	putative tagatose-1,6-bisphosphate aldolase 1 chaperone
agaV	b3133	3280216	3280690	1	N-acetyl-D-galactosamine specific PTS enzyme IIB component
agaS	b3136	3281975	3283130	1	putative galactosamine-6-phosphate deaminase/isomerase
kbaY	b3137	3283142	3284003	1	tagatose-1,6-bisphosphate aldolase 1
agaB	b3138	3284169	3284646	1	cryptic galactosamine-specific PTS enzyme IIB component
agaC	b3139	3284684	3285488	1	cryptic galactosamine-specific PTS enzyme IIC component
agaD	b3140	3285477	3286269	1	cryptic galactosamine-specific PTS enzyme IID component
agaI	b3141	3286269	3287025	1	putative deaminase AgaI
yraH	b3142	3287425	3288010	1	putative fimbrial protein YraH
yraI	b3143	3288089	3288785	1	putative fimbrial chaperone YraI
yraJ	b3144	3288813	3291330	1	putative fimbrial usher protein YraJ
yraK	b3145	3291340	3292432	1	putative fimbrial adhesin YraK
rsmI	b3146	3292474	3293335	-1	16S rRNA 2'-O-ribose C1402 methyltransferase
lpoA	b3147	3293399	3295436	1	outer membrane lipoprotein - activator of MrcA activity
yraN	b3148	3295393	3295789	1	PF02021 family protein YraN
diaA	b3149	3295808	3296399	1	DnaA initiator-associating protein DiaA
dolP	b3150	3296408	3296984	1	division and outer membrane stress-associated lipid-binding lipoprotein
yraQ	b3151	3297097	3298138	-1	permease family protein YraQ
yraR	b3152	3298210	3298846	-1	putative nucleoside-diphosphate-sugar epimerase
yhbO	b3153	3298973	3299492	1	protein/nucleic acid deglycase 2
yhbP	b3154	3299471	3299915	-1	putative FMN binding protein YhbP
yhbQ	b3155	3299965	3300268	1	DNA damage response nuclease YhbQ
yhbS	b3156	3300254	3300758	-1	putative N-acetyltransferase YhbS
ubiT	b3157	3300751	3301276	-1	anaerobic ubiquinone biosynthesis accessory factor UbiT
ubiU	b3158	3301484	3302480	1	ubiquinone biosynthesis protein UbiU
ubiV	b3159	3302488	3303367	1	ubiquinone biosynthesis protein UbiV
yhbW	b3160	3303447	3304455	1	putative luciferase-like monooxygenase YhbW
mtr	b3161	3304572	3305817	-1	tryptophan:H(+) symporter Mtr
deaD	b3162	3305970	3307860	-1	ATP-dependent RNA helicase DeaD
yrbN	b4685	3307852	3307933	-1	uncharacterized protein YrbN
nlpI	b3163	3308039	3308924	-1	lipoprotein NlpI
pnp	b3164	3309032	3311168	-1	polynucleotide phosphorylase
rpsO	b3165	3311414	3311684	-1	30S ribosomal subunit protein S15
truB	b3166	3311832	3312777	-1	tRNA pseudouridine(55) synthase
rbfA	b3167	3312776	3313178	-1	30S ribosome binding factor
infB	b3168	3313341	3316014	-1	translation initiation factor IF-2beta'
infB	b3168	3313341	3315543	-1	translation initiation factor IF-2beta'
infB	b3168	3313341	3315522	-1	translation initiation factor IF-2beta'
nusA	b3169	3316038	3317526	-1	transcription termination/antitermination protein NusA
rimP	b3170	3317553	3318006	-1	ribosome maturation factor RimP
argG	b3172	3318636	3319980	1	argininosuccinate synthetase
yhbX	b3173	3319987	3321613	-1	putative hydrolase YhbX
secG	b3175	3322172	3322505	-1	Sec translocon subunit SecG
glmM	b3176	3322732	3324070	-1	phosphoglucosamine mutase
folP	b3177	3324062	3324911	-1	dihydropteroate synthase
ftsH	b3178	3325000	3326935	-1	ATP-dependent zinc metalloprotease FtsH
rlmE	b3179	3327034	3327664	-1	23S rRNA 2'-O-ribose U2552 methyltransferase
yhbY	b3180	3327789	3328083	1	ribosome assembly factor YhbY
greA	b3181	3328238	3328715	-1	transcription elongation factor GreA
dacB	b3182	3328962	3330396	1	peptidoglycan DD-endopeptidase DacB
obgE	b3183	3330581	3331754	-1	GTPase ObgE
yhbE	b3184	3331769	3332735	-1	putative transporter YhbE
rpmA	b3185	3332861	3333119	-1	50S ribosomal subunit protein L27
rplU	b3186	3333139	3333451	-1	50S ribosomal subunit protein L21
ispB	b3187	3333709	3334681	1	all-trans-octaprenyl-diphosphate synthase
sfsB	b3188	3334908	3335187	1	putative transcriptional regulator SfsB
murA	b3189	3335234	3336494	-1	UDP-N-acetylglucosamine 1-carboxyvinyltransferase
ibaG	b3190	3336548	3336803	-1	acid stress protein IbaG
mlaB	b3191	3336962	3337256	-1	intermembrane phospholipid transport system protein MlaB
mlaC	b3192	3337255	3337891	-1	intermembrane phospholipid transport system - periplasmic binding protein
mlaD	b3193	3337909	3338461	-1	intermembrane phospholipid transport system, substrate binding protein MlaD
mlaE	b3194	3338465	3339248	-1	intermembrane phospholipid transport system, integral membrane subunit MlaE
mlaF	b3195	3339255	3340065	-1	intermembrane phospholipid transport system, ATP binding subunit MlaF
yrbG	b3196	3340274	3341252	1	putative transport protein YrbG
kdsD	b3197	3341265	3342252	1	D-arabinose 5-phosphate isomerase KdsD
kdsC	b3198	3342272	3342839	1	3-deoxy-D-manno-octulosonate 8-phosphate phosphatase KdsC
lptC	b3199	3342835	3343411	1	lipopolysaccharide transport system protein LptC
lptA	b3200	3343379	3343937	1	lipopolysaccharide transport system protein LptA
lptB	b3201	3343943	3344669	1	lipopolysaccharide transport system ATP binding protein LptB
rpoN	b3202	3344716	3346150	1	RNA polymerase sigma factor RpoN
hpf	b3203	3346172	3346460	1	ribosome hibernation-promoting factor
ptsN	b3204	3346577	3347069	1	phosphotransferase system enzyme IIA(Ntr)
rapZ	b3205	3347114	3347969	1	RNase adaptor protein RapZ
npr	b3206	3347965	3348238	1	phosphorelay protein NPr
yrbL	b3207	3348451	3349084	1	protein kinase-like domain-containing protein YrbL
mtgA	b3208	3349080	3349809	-1	peptidoglycan glycosyltransferase MtgA
elbB	b3209	3349805	3350459	-1	low activity glyoxalase ElbB
arcB	b3210	3350688	3353025	-1	sensor histidine kinase ArcB
yhcC	b3211	3353120	3354050	-1	radical SAM family oxidoreductase YhcC
gltB	b3212	3354724	3359185	1	glutamate synthase subunit GltB
gltD	b3213	3359197	3360616	1	glutamate synthase subunit GltD
gltF	b3214	3361175	3361940	1	periplasmic protein GltF
yhcA	b3215	3362111	3362786	1	putative fimbrial chaperone YhcA
yhcD	b3216	3362806	3365188	1	putative fimbrial usher protein YhcD
yhcE	b4569	3365184	3366929	1	putative uncharacterized protein YhcE
insH10	b3218	3365701	3366682	-1	IS5 transposase and trans-activator
yhcF	b3219	3366925	3367642	1	DUF1120 domain-containing protein YhcF
yhcG	b3220	3367826	3368954	1	DUF1016 domain-containing protein YhcG
nanQ	b3221	3369013	3369478	-1	N-acetylneuraminate anomerase
nanK	b3222	3369474	3370350	-1	N-acetylmannosamine kinase
nanE	b3223	3370346	3371036	-1	putative N-acetylmannosamine-6-phosphate 2-epimerase
nanT	b3224	3371083	3372574	-1	N-acetylneuraminate:H(+) symporter
nanA	b3225	3372682	3373576	-1	N-acetylneuraminate lyase
nanR	b3226	3373697	3374489	-1	DNA-binding transcriptional dual regulator NanR
dcuD	b3227	3374868	3376236	1	putative transporter DcuD
sspB	b3228	3376278	3376776	-1	ClpXP protease specificity-enhancing factor
sspA	b3229	3376781	3377420	-1	stringent starvation protein A
rpsI	b3230	3377814	3378207	-1	30S ribosomal subunit protein S9
rplM	b3231	3378222	3378651	-1	50S ribosomal subunit protein L13
zapE	b3232	3378869	3379997	-1	cell division protein ZapE
yhcB	b3233	3380190	3380589	1	inner membrane protein YhcB
degQ	b3234	3380742	3382110	1	periplasmic serine endoprotease
degS	b3235	3382199	3383267	1	serine endoprotease
mdh	b3236	3383329	3384268	-1	malate dehydrogenase
argR	b3237	3384702	3385173	1	DNA-binding transcriptional dual regulator ArgR
yhcN	b3238	3385537	3385801	1	DUF1471 domain-containing stress-induced protein YhcN
yhcO	b3239	3385856	3386129	-1	putative barnase inhibitor
aaeB	b3240	3386220	3388188	-1	aromatic carboxylic acid efflux pump subunit AaeB
aaeA	b3241	3388193	3389126	-1	aromatic carboxylic acid efflux pump membrane fusion protein
aaeX	b3242	3389133	3389337	-1	DUF1656 domain-containing protein AaeX
aaeR	b3243	3389519	3390449	1	DNA-binding transcriptional activator AaeR
tldD	b3244	3390582	3392028	-1	metalloprotease subunit TldD
yhdP	b4472	3392457	3396258	-1	phospholipid transport factor YhdP
rng	b3247	3396325	3397795	-1	RNase G
yhdE	b3248	3397784	3398378	-1	nucleoside triphosphate pyrophosphatase YhdE
mreD	b3249	3398386	3398875	-1	cell shape determining protein MreD
mreC	b3250	3398874	3399978	-1	cell shape determining protein MreC
mreB	b3251	3400043	3401087	-1	dynamic cytoskeletal protein MreB
csrD	b3252	3401391	3403332	-1	regulator of CsrB and CsrC decay
yhdH	b3253	3403483	3404458	1	acrylyl-CoA reductase
accB	b3255	3405435	3405906	1	biotin carboxyl carrier protein
accC	b3256	3405916	3407266	1	biotin carboxylase
yhdT	b3257	3407374	3407617	1	DUF997 domain-containing protein YhdT
panF	b3258	3407606	3409058	1	pantothenate:Na(+) symporter
prmA	b3259	3409069	3409951	1	ribosomal protein L11 methyltransferase
dusB	b3260	3410279	3411245	1	tRNA-dihydrouridine synthase B
fis	b3261	3411270	3411567	1	DNA-binding transcriptional dual regulator Fis
yhdJ	b3262	3411652	3412537	1	DNA adenine methyltransferase
yhdU	b3263	3412620	3412800	1	DUF2556 domain-containing protein YhdU
envR	b3264	3412802	3413465	-1	DNA-binding transcriptional repressor EnvR
acrE	b3265	3413863	3415021	1	multidrug efflux pump membrane fusion lipoprotein AcrE
acrF	b3266	3415032	3418137	1	multidrug efflux pump RND permease AcrF
yhdV	b3267	3418389	3418611	1	lipoprotein YhdV
yhdX	b3269	3420133	3421315	1	putative ABC transporter membrane subunit YhdX
yhdY	b3270	3421324	3422428	1	putative ABC transporter membrane subunit YhdY
yhdZ	b3271	3422435	3423194	1	putative ABC transporter ATP-binding subunit YhdZ
yrdA	b3279	3429235	3429790	1	hexapeptide repeat-containing protein YrdA
yrdB	b3280	3429765	3430023	-1	DUF1488 domain-containing protein YrdB
aroE	b3281	3430019	3430838	-1	shikimate dehydrogenase
tsaC	b3282	3430842	3431415	-1	L-threonylcarbamoyladenylate synthase
yrdD	b3283	3431419	3431962	-1	putative DNA topoisomerase
smg	b3284	3431990	3432464	-1	DUF494 domain-containing protein Smg
smf	b4473	3432435	3433560	-1	protein Smf
def	b3287	3433689	3434199	1	peptide deformylase
fmt	b3288	3434213	3435161	1	10-formyltetrahydrofolate:L-methionyl-tRNA(fMet) N-formyltransferase
rsmB	b3289	3435206	3436496	1	16S rRNA m(5)C967 methyltransferase
trkA	b3290	3436517	3437894	1	NAD-binding component of Trk potassium transporters
mscL	b3291	3438023	3438434	1	large conductance mechanosensitive channel
arfA	b4550	3438430	3438649	-1	alternative ribosome-rescue factor A
zntR	b3292	3438704	3439130	-1	DNA-binding transcriptional activator ZntR
yhdN	b3293	3439140	3439509	-1	DUF1992 domain-containing protein YhdN
rplQ	b3294	3439615	3439999	-1	50S ribosomal subunit protein L17
rpoA	b3295	3440039	3441029	-1	RNA polymerase subunit alpha
rpsD	b3296	3441054	3441675	-1	30S ribosomal subunit protein S4
rpsK	b3297	3441708	3442098	-1	30S ribosomal subunit protein S11
rpsM	b3298	3442114	3442471	-1	30S ribosomal subunit protein S13
rpmJ	b3299	3442617	3442734	-1	50S ribosomal subunit protein L36
secY	b3300	3442765	3444097	-1	Sec translocon subunit SecY
rplO	b3301	3444104	3444539	-1	50S ribosomal subunit protein L15
rpmD	b3302	3444542	3444722	-1	50S ribosomal subunit protein L30
rpsE	b3303	3444725	3445229	-1	30S ribosomal subunit protein S5
rplR	b3304	3445243	3445597	-1	50S ribosomal subunit protein L18
rplF	b3305	3445606	3446140	-1	50S ribosomal subunit protein L6
rpsH	b3306	3446152	3446545	-1	30S ribosomal subunit protein S8
rpsN	b3307	3446578	3446884	-1	30S ribosomal subunit protein S14
rplE	b3308	3446898	3447438	-1	50S ribosomal subunit protein L5
rplX	b3309	3447452	3447767	-1	50S ribosomal subunit protein L24
rplN	b3310	3447777	3448149	-1	50S ribosomal subunit protein L14
rpsQ	b3311	3448313	3448568	-1	30S ribosomal subunit protein S17
rpmC	b3312	3448567	3448759	-1	50S ribosomal subunit protein L29
rplP	b3313	3448758	3449169	-1	50S ribosomal subunit protein L16
rpsC	b3314	3449181	3449883	-1	30S ribosomal subunit protein S3
rplV	b3315	3449900	3450233	-1	50S ribosomal subunit protein L22
rpsS	b3316	3450247	3450526	-1	30S ribosomal subunit protein S19
rplB	b3317	3450542	3451364	-1	50S ribosomal subunit protein L2
rplW	b3318	3451381	3451684	-1	50S ribosomal subunit protein L23
rplD	b3319	3451680	3452286	-1	50S ribosomal subunit protein L4
rplC	b3320	3452296	3452926	-1	50S ribosomal subunit protein L3
rpsJ	b3321	3452958	3453270	-1	30S ribosomal subunit protein S10
gspB	b3322	3453507	3453927	-1	cryptic type II secretion system protein GspB
gspA	b3323	3453928	3455398	-1	cryptic type II secretion system protein GspA
gspC	b3324	3455577	3456393	1	cryptic type II secretion system protein GspC
gspD	b3325	3456376	3458329	1	cryptic type II secretion system secretin GspDalpha
gspE	b3326	3458338	3459820	1	cryptic type II secretion system ATPase GspE
gspF	b3327	3459816	3461013	1	cryptic type II secretion system protein GspF
gspG	b3328	3461022	3461460	1	cryptic type II secretion system major pseudopilin GspG
gspH	b3329	3461467	3461977	1	cryptic type II secretion system minor pseudopilin GspH
gspI	b3330	3461973	3462351	1	cryptic type II secretion system minor pseudopilin GspI
gspJ	b3331	3462343	3462931	1	cryptic type II secretion system minor pseudopilin GspJ
gspK	b3332	3462923	3463907	1	cryptic type II secretion system minor pseudopilin GspK
gspL	b3333	3463921	3465085	1	cryptic type II secretion system protein GspL
gspM	b3334	3465081	3465543	1	cryptic type II secretion system protein GspM
gspO	b3335	3465542	3466220	1	cryptic type II secretion system prepilin peptidase
bfr	b3336	3466248	3466725	-1	bacterioferritin
bfd	b3337	3466796	3466991	-1	bacterioferritin-associated ferredoxin
chiA	b3338	3467159	3469853	-1	endochitinase
tufA	b3339	3470144	3471329	-1	translation elongation factor Tu 1
fusA	b3340	3471399	3473514	-1	elongation factor G
rpsG	b3341	3473541	3474081	-1	30S ribosomal subunit protein S7
rpsL	b3342	3474177	3474552	-1	30S ribosomal subunit protein S12
tusB	b3343	3474677	3474965	-1	sulfurtransferase complex subunit TusB
tusC	b3344	3474972	3475332	-1	sulfurtransferase complex subunit TusC
tusD	b3345	3475331	3475718	-1	sulfurtransferase complex subunit TusD
yheO	b3346	3475717	3476440	-1	DNA-binding transcriptional regulator YheO
fkpA	b3347	3476606	3477419	-1	peptidyl-prolyl cis-trans isomerase/OMP chaperone FkpA
slyX	b3348	3477639	3477858	1	protein SlyX
slyD	b3349	3477906	3478497	-1	FKBP-type peptidyl-prolyl cis-trans isomerase SlyD
yheV	b4551	3478591	3478792	-1	DUF2387 domain-containing protein YheV
kefB	b3350	3478801	3480607	-1	K(+) : H(+) antiporter KefB
kefG	b3351	3480606	3481161	-1	glutathione-regulated potassium-efflux system ancillary protein KefG
yheS	b3352	3481288	3483202	1	putative ATP-binding protein YheS
yheT	b3353	3483201	3484224	1	putative hydrolase YheT
yheU	b3354	3484217	3484436	1	PF06794 family protein YheU
prkB	b3355	3484489	3485359	1	putative phosphoribulokinase
yhfA	b3356	3485413	3485818	-1	OsmC family protein YhfA
crp	b3357	3486119	3486752	1	DNA-binding transcriptional dual regulator CRP
yhfK	b3358	3486790	3488893	1	putative transporter YhfK
argD	b3359	3488959	3490180	-1	N-acetylornithine aminotransferase/N-succinyldiaminopimelate aminotransferase
yrfJ	b4820	3490131	3490185	-1	protein YrfJ
pabA	b3360	3490265	3490829	-1	aminodeoxychorismate synthase subunit 2
fic	b3361	3490860	3491463	-1	putative adenosine monophosphate--protein transferase Fic
yhfG	b3362	3491452	3491620	-1	DUF2559 domain-containing protein YhfG
ppiA	b3363	3491724	3492297	-1	peptidyl-prolyl cis-trans isomerase A
tsgA	b3364	3492567	3493749	1	putative transporter TsgA
nirB	b3365	3494010	3496554	1	nitrite reductase (NADH) large subunit
nirD	b3366	3496550	3496877	1	nitrite reductase (NADH) small subunit
nirC	b3367	3497002	3497809	1	nitrite transporter NirC
cysG	b3368	3497827	3499201	1	siroheme synthase
yhfL	b3369	3499447	3499615	1	DUF4223 domain-containing lipoprotein YhfL
frlA	b3370	3499909	3501247	1	fructoselysine/psicoselysine transporter
frlB	b3371	3501267	3502290	1	fructoselysine 6-phosphate deglycase
frlC	b4474	3502339	3503170	1	fructoselysine 3-epimerase
frlD	b3374	3503166	3503952	1	fructoselysine 6-kinase
frlR	b3375	3504051	3504783	1	DNA-binding transcriptional regulator FrlR
yhfS	b3376	3504934	3506020	-1	putative aminotransferase YhfS
yhfT	b3377	3506031	3507336	-1	uncharacterized protein YhfT
yhfU	b3378	3507347	3507701	-1	DUF2620 domain-containing protein YhfU
php	b3379	3507711	3508590	-1	putative hydrolase
yhfW	b3380	3508586	3509813	-1	putative mutase YhfW
yhfX	b3381	3509812	3510976	-1	putative PLP-binding protein YhfX
yhfY	b3382	3511059	3511422	-1	PRD domain-containing protein YhfY
yhfZ	b3383	3511438	3512344	-1	putative DNA-binding transcriptional regulator YhfZ
trpS	b3384	3512633	3513638	-1	tryptophan--tRNA ligase
gph	b3385	3513630	3514389	-1	phosphoglycolate phosphatase
rpe	b3386	3514381	3515059	-1	ribulose-phosphate 3-epimerase
dam	b3387	3515076	3515913	-1	DNA adenine methyltransferase
damX	b3388	3516019	3517306	-1	cell division protein DamX
aroB	b3389	3517397	3518486	-1	3-dehydroquinate synthase
aroK	b3390	3518542	3519064	-1	shikimate kinase 1
hofQ	b3391	3519464	3520703	-1	DNA utilization protein HofQ
hofP	b3392	3520614	3521019	-1	DNA utilization protein HofP
hofO	b3393	3521008	3521449	-1	DNA utilization protein HofO
hofN	b3394	3521432	3521972	-1	DNA utilization protein HofN
hofM	b3395	3521971	3522751	-1	DNA utilization protein HofM
mrcA	b3396	3522870	3525423	1	peptidoglycan glycosyltransferase/peptidoglycan DD-transpeptidase MrcA
nudE	b3397	3525588	3526149	-1	ADP-sugar diphosphatase NudE
igaA	b3398	3526468	3528604	1	inner membrane protein involved in phosphorelay system
yrfG	b3399	3528668	3529337	1	purine nucleotidase
hslR	b3400	3529347	3529749	1	heat shock protein Hsp15
hslO	b3401	3529773	3530652	1	molecular chaperone Hsp33
yhgE	b3402	3530714	3532439	-1	putative transport protein YhgE
pck	b3403	3532817	3534440	1	phosphoenolpyruvate carboxykinase (ATP)
envZ	b3404	3534515	3535868	-1	sensor histidine kinase EnvZ
ompR	b3405	3535864	3536584	-1	DNA-binding transcriptional dual regulator OmpR
greB	b3406	3536811	3537288	1	transcription elongation factor GreB
yhgF	b3407	3537384	3539706	1	RNA-binding protein YhgF
feoA	b3408	3540162	3540390	1	Fe(2(+)) transport protein A
feoB	b3409	3540406	3542728	1	Fe(2(+)) transporter FeoB
feoC	b3410	3542727	3542964	1	Fe(2(+)) transport protein FeoC
rpnA	b3411	3543166	3544045	1	recombination-promoting nuclease RpnA
bioH	b3412	3544073	3544844	-1	pimeloyl-acyl carrier protein methyl ester esterase
yhgH	b3413	3544881	3545565	1	DNA utilization protein YhgH
nfuA	b3414	3545623	3546199	1	iron-sulfur cluster carrier protein NfuA
gntT	b3415	3546558	3547875	1	high-affinity gluconate transporter
malQ	b3416	3547985	3550070	-1	4-alpha-glucanotransferase
malP	b3417	3550079	3552473	-1	maltodextrin phosphorylase
malT	b3418	3553084	3555790	1	DNA-binding transcriptional activator MalT
rtcA	b4475	3555832	3556849	-1	RNA 3'-terminal phosphate cyclase
rtcB	b3421	3556852	3558079	-1	RNA-splicing ligase
rtcR	b3422	3558267	3559866	1	DNA-binding transcriptional activator RtcR
glpG	b3424	3560621	3561452	-1	rhomboid protease GlpG
glpE	b3425	3561496	3561823	-1	thiosulfate sulfurtransferase GlpE
glpD	b3426	3562012	3563518	1	aerobic glycerol 3-phosphate dehydrogenase
yzgL	b3427	3563723	3564005	-1	putative uncharacterized protein YzgL
glgP	b3428	3564133	3566581	-1	glycogen phosphorylase
glgA	b3429	3566599	3568033	-1	glycogen synthase
glgC	b3430	3568032	3569328	-1	glucose-1-phosphate adenylyltransferase
glgX	b3431	3569345	3571319	-1	limit dextrin alpha-1,6-glucohydrolase
glgB	b3432	3571315	3573502	-1	1,4-alpha-glucan branching enzyme
yhgO	b4788	3573659	3573701	-1	protein YhgO
yhgP	b4789	3573678	3573708	-1	protein YhgP
asd	b3433	3573774	3574878	-1	aspartate-semialdehyde dehydrogenase
yhgN	b3434	3575070	3575664	1	MarC family putative inner membrane protein YhgN
gntU	b4476	3575720	3577061	-1	low-affinity gluconate transporter
gntK	b3437	3577064	3577592	-1	D-gluconate kinase, thermostable
gntR	b3438	3577730	3578726	-1	DNA-binding transcriptional repressor GntR
yhhW	b3439	3578949	3579645	-1	quercetin 2,3-dioxygenase
yhhX	b3440	3579767	3580805	-1	putative oxidoreductase YhhX
yhhY	b3441	3581137	3581626	1	N-acetyltransferase YhhY
yhhZ	b3442	3581862	3583041	1	putative endonuclease YhhZ
yrhA	b3443	3583037	3584309	1	putative uncharacterized protein YrhA
insA6	b3444	3583482	3583758	1	IS1 protein InsA
insB6	b3445	3583676	3584180	1	IS1 protein InsB
yrhD	b4612	3584403	3584559	1	uncharacterized protein YrhD
yrhB	b3446	3584758	3585043	1	putative heat shock chaperone
ggt	b3447	3585080	3586823	-1	glutathione hydrolase proenzyme
yhhA	b3448	3586942	3587383	1	DUF2756 domain-containing protein YhhA
ugpQ	b3449	3587369	3588113	-1	glycerophosphodiester phosphodiesterase UgpQ
ugpC	b3450	3588109	3589180	-1	sn-glycerol 3-phosphate ABC transporter ATP binding subunit
ugpE	b3451	3589181	3590027	-1	sn-glycerol 3-phosphate ABC transporter membrane subunit UgpE
ugpA	b3452	3590023	3590911	-1	sn-glycerol 3-phosphate ABC transporter membrane subunit UgpA
ugpB	b3453	3591008	3592325	-1	sn-glycerol 3-phosphate ABC transporter periplasmic binding protein
livF	b3454	3592723	3593437	-1	branched chain amino acid/phenylalanine ABC transporter ATP binding subunit LivF
livG	b3455	3593438	3594206	-1	branched chain amino acid/phenylalanine ABC transporter ATP binding subunit LivG
livM	b3456	3594202	3595480	-1	branched chain amino acid/phenylalanine ABC transporter membrane subunit LivM
livH	b3457	3595476	3596403	-1	branched chain amino acid/phenylalanine ABC transporter membrane subunit LivH
livK	b3458	3596450	3597560	-1	L-leucine/L-phenylalanine ABC transporter periplasmic binding protein
panZ	b3459	3597983	3598367	1	PanD maturation factor
livJ	b3460	3598554	3599658	-1	branched chain amino acid/phenylalanine ABC transporter periplasmic binding protein
rpoH	b3461	3599928	3600783	-1	RNA polymerase sigma factor RpoH
ftsX	b3462	3601027	3602086	-1	cell division protein FtsX
ftsE	b3463	3602078	3602747	-1	cell division protein FtsE
ftsY	b3464	3602749	3604243	-1	signal recognition particle receptor
rsmD	b3465	3604392	3604989	1	16S rRNA m(2)G966 methyltransferase
yhhL	b3466	3604978	3605248	1	DUF1145 domain-containing protein YhhL
yhhM	b3467	3605250	3605610	-1	DUF2500 domain-containing protein YhhM
yhhN	b3468	3605750	3606377	1	PF07947 family protein YhhN
zntA	b3469	3606450	3608649	1	Zn(2(+))/Cd(2(+))/Pb(2(+)) exporting P-type ATPase
tusA	b3470	3608750	3608996	-1	sulfur transfer protein TusA
yhhQ	b3471	3609216	3609882	1	queuosine precursor transporter
dcrB	b3472	3609954	3610512	1	periplasmic bacteriophage sensitivity protein DcrB
yhhS	b3473	3610515	3611733	-1	putative transporter YhhS
yhhT	b3474	3611864	3612914	1	putative transporter YhhT
acpT	b3475	3612968	3613556	1	holo-[acyl carrier protein] synthase 2
nikA	b3476	3613666	3615241	1	Ni(2(+)) ABC transporter periplasmic binding protein
nikB	b3477	3615240	3616185	1	Ni(2(+)) ABC transporter membrane subunit NikB
nikC	b3478	3616181	3617015	1	Ni(2(+)) ABC transporter membrane subunit NikC
nikD	b3479	3617014	3617779	1	Ni(2(+)) ABC transporter ATP binding subunit NikD
nikE	b3480	3617775	3618582	1	Ni(2(+)) ABC transporter ATP binding subunit NikE
nikR	b3481	3618587	3618989	1	DNA-binding transcriptional repressor NikR
rhsB	b3482	3619191	3623427	1	rhs element protein RhsB
yhhH	b3483	3623398	3623782	1	PF15631 family protein YhhH
yhhI	b3484	3624377	3625514	1	putative transposase
yhhJ	b3485	3625678	3626803	-1	ABC transporter family protein YhhJ
rbbA	b3486	3626802	3629538	-1	ribosome-associated ATPase
yhiI	b3487	3629534	3630602	-1	putative membrane fusion protein YhiI
yhiY	b4790	3630664	3630778	-1	protein YhiY
yhiJ	b3488	3630967	3632590	-1	DUF4049 domain-containing protein YhiJ
yhiM	b3491	3634840	3635893	1	inner membrane protein YhiM
yhiN	b3492	3636207	3637410	-1	putative oxidoreductase YhiN
pitA	b3493	3637641	3639141	1	metal phosphate:H(+) symporter PitA
uspB	b3494	3639384	3639720	-1	universal stress protein B
uspA	b3495	3640110	3640545	1	universal stress protein A
yriA	b4791	3640611	3640686	-1	protein YriA
yriB	b4792	3640642	3640696	-1	protein YriB
dtpB	b3496	3640861	3642331	1	dipeptide/tripeptide:H(+) symporter DtpB
rsmJ	b3497	3642379	3643132	-1	16S rRNA m(2)G1516 methyltransferase
prlC	b3498	3643139	3645182	-1	oligopeptidase A
rlmJ	b3499	3645384	3646227	1	23S rRNA m(6)A2030 methyltransferase
gor	b3500	3646298	3647651	1	glutathione reductase (NADPH)
dinQ	b4613	3647704	3647788	-1	membrane toxin DinQ
arsR	b3501	3648527	3648881	1	DNA-binding transcriptional repressor ArsR
arsB	b3502	3648934	3650224	1	arsenite/antimonite:H(+) antiporter
arsC	b3503	3650236	3650662	1	arsenate reductase
yhiS	b3504	3651290	3653713	1	putative uncharacterized protein YhiS
insH11	b3505	3652181	3653162	-1	IS5 transposase and trans-activator
slp	b3506	3653960	3654527	1	starvation lipoprotein
dctR	b3507	3654682	3655213	1	putative DNA-binding transcriptional regulator DctR
yhiD	b3508	3655254	3655902	-1	inner membrane protein YhiD
hdeB	b3509	3655965	3656292	-1	periplasmic acid stress chaperone HdeB
hdeA	b3510	3656407	3656740	-1	periplasmic acid stress chaperone HdeA
hdeD	b3511	3656994	3657567	1	acid-resistance membrane protein
gadE	b3512	3658365	3658893	1	DNA-binding transcriptional activator GadE
mdtE	b3513	3659231	3660389	1	multidrug efflux pump membrane fusion protein MdtE
mdtF	b3514	3660413	3663527	1	multidrug efflux pump RND permease MdtF
gadW	b3515	3663889	3664618	-1	DNA-binding transcriptional dual regulator GadW
gadX	b3516	3664985	3665810	-1	DNA-binding transcriptional dual regulator GadX
gadA	b3517	3666179	3667580	-1	glutamate decarboxylase A
ccp	b3518	3667790	3669188	-1	cytochrome c peroxidase
treF	b3519	3669591	3671241	1	cytoplasmic trehalase
yhjB	b3520	3671291	3671894	-1	putative DNA-binding transcriptional regulator YhjB
rcdB	b3521	3672413	3673313	1	putative DNA-binding transcriptional regulator YhjC
yhjD	b3522	3673361	3674375	1	putative transporter YhjD
yhjE	b3523	3674785	3676108	1	putative transporter YhjE
yhjG	b3524	3676289	3678350	-1	AsmA family protein YhjG
pdeH	b3525	3678419	3679187	-1	cyclic di-GMP phosphodiesterase PdeH
kdgK	b3526	3679418	3680348	1	2-dehydro-3-deoxygluconokinase
yhjJ	b3527	3680443	3681940	-1	peptidase M16 family protein YhjJ
dctA	b3528	3682160	3683447	-1	C4 dicarboxylate/orotate:H(+) symporter
pdeK	b3529	3683629	3685618	-1	c-di-GMP phosphodiesterase PdeK
bcsC	b3530	3685699	3689173	-1	cellulose synthase outer membrane channel
bcsZ	b3531	3689154	3690261	-1	endo-1,4-D-glucanase
bcsB	b3532	3690267	3692607	-1	cellulose synthase periplasmic subunit
bcsA	b3533	3692617	3695236	-1	cellulose synthase catalytic subunit
yhjR	b3535	3695996	3696185	-1	PF10945 family protein YhjR
bcsE	b3536	3696457	3698029	1	c-di-GMP-binding protein BcsE
bcsF	b3537	3698025	3698217	1	putative cellulose biosynthesis protein BcsF
bcsG	b3538	3698213	3699893	1	cellulose phosphoethanolamine transferase
ldrD	b4453	3699979	3700087	-1	small toxic polypeptide LdrD
yhjV	b3539	3700562	3701834	1	putative transporter YhjV
dppF	b3540	3701863	3702868	-1	dipeptide ABC transporter ATP binding subunit DppF
dppD	b3541	3702864	3703848	-1	dipeptide ABC transporter ATP binding subunit DppD
dppC	b3542	3703858	3704761	-1	dipeptide ABC transporter membrane subunit DppC
dppB	b3543	3704770	3705790	-1	dipeptide ABC transporter membrane subunit DppB
dppA	b3544	3706097	3707705	-1	dipeptide ABC transporter periplasmic binding protein
eptB	b3546	3708783	3710475	-1	phosphoethanolamine transferase EptB
yhjX	b3547	3710798	3712007	-1	putative transporter YhjX
yhjY	b3548	3712235	3712934	-1	putative outer membrane protein YhjY
tag	b3549	3713091	3713655	1	3-methyl-adenine DNA glycosylase I, constitutive
yiaC	b3550	3713651	3714092	1	peptidyl-lysine N-acetyltransferase YiaC
bisC	b3551	3714060	3716394	-1	biotin sulfoxide reductase
yiaD	b3552	3716546	3717206	1	PF13488 family lipoprotein YiaD
ghrB	b3553	3717309	3718284	1	glyoxylate reductase
yiaF	b3554	3718333	3719044	-1	DUF3053 domain-containing protein YiaF
yiaG	b3555	3719477	3719768	1	putative DNA-binding transcriptional regulator YiaG
cspA	b3556	3720048	3720261	1	cold shock protein CspA
ysaE	b4793	3720399	3720471	1	protein YsaE
hokA	b4455	3720447	3720600	-1	small toxic polypeptide
insJ	b3557	3720679	3721201	1	insertion element IS150 protein InsA
insK	b3558	3721197	3722049	1	IS150 conserved protein InsB
glyS	b3559	3722327	3724397	-1	glycine--tRNA ligase
glyQ	b3560	3724406	3725318	-1	glycine--tRNA ligase subunit alpha
ysaB	b4553	3725412	3725712	-1	putative lipoprotein YsaB
wecH	b3561	3725886	3726882	1	O-acetyltransferase WecH
yiaA	b3562	3726923	3727361	-1	PF05360 family inner membrane protein YiaA
yiaB	b3563	3727406	3727748	-1	PF05360 family inner membrane protein YiaB
xylB	b3564	3727916	3729371	-1	xylulokinase
xylA	b3565	3729442	3730765	-1	xylose isomerase
xylF	b3566	3731130	3732123	1	xylose ABC transporter periplasmic binding protein
xylG	b3567	3732200	3733742	1	xylose ABC transporter ATP binding subunit
xylH	b3568	3733719	3734901	1	xylose ABC transporter membrane subunit
xylR	b3569	3734978	3736157	1	DNA-binding transcriptional dual regulator XylR
bax	b3570	3736352	3737177	-1	putative glycoside hydrolase Bax
baxL	b4794	3737176	3737203	-1	putative translational regulatory protein BaxL
malS	b3571	3737496	3739527	1	alpha-amylase
avtA	b3572	3739704	3740958	1	valine--pyruvate aminotransferase
ysaA	b3573	3741108	3741582	-1	putative electron transport protein YsaA
plaR	b3574	3741683	3742532	-1	DNA-binding transcriptional repressor PlaR
yiaK	b3575	3742732	3743731	1	2,3-diketo-L-gulonate reductase
yiaL	b3576	3743742	3744210	1	DUF386 domain-containing protein YiaL
yiaM	b3577	3744327	3744801	1	2,3-diketo-L-gulonate:Na(+) symporter - membrane subunit
yiaN	b3578	3744803	3746081	1	2,3-diketo-L-gulonate:Na(+) symporter - membrane subunit
yiaO	b3579	3746093	3747080	1	2,3-diketo-L-gulonate:Na(+) symporter - periplasmic binding protein
lyxK	b3580	3747083	3748580	1	L-xylulose kinase
sgbH	b3581	3748576	3749239	1	3-keto-L-gulonate-6-phosphate decarboxylase SgbH
sgbU	b3582	3749231	3750092	1	putative L-xylulose 5-phosphate 3-epimerase
sgbE	b3583	3750085	3750781	1	L-ribulose-5-phosphate 4-epimerase SgbE
yiaT	b3584	3751127	3751868	-1	outer membrane protein YiaT
yiaU	b3585	3751991	3752966	1	DNA-binding transcriptional activator YiaU
yiaV	b3586	3752962	3754099	-1	putative membrane fusion protein YiaV
yiaW	b3587	3754104	3754428	-1	DUF3302 domain-containing protein YiaW
aldB	b3588	3754972	3756511	-1	aldehyde dehydrogenase B
yiaY	b3589	3756675	3757827	-1	L-threonine dehydrogenase
selB	b3590	3758016	3759861	-1	selenocysteyl-tRNA-specific translation elongation factor
selA	b3591	3759857	3761249	-1	selenocysteine synthase
yibF	b3592	3761346	3761955	-1	glutathione transferase-like protein YibF
rhsA	b3593	3762182	3766316	1	rhs element protein RhsA
yibA	b3594	3766336	3767179	1	putative lyase containing HEAT-repeat
yibG	b3596	3768176	3768638	1	tetratricopeptide-like domain-containing protein YibG
yibV	b4615	3769344	3769680	1	PF15596 family protein YibV
yibH	b3597	3770242	3771379	-1	inner membrane protein YibH
yibI	b3598	3771381	3771744	-1	DUF3302 domain-containing protein YibI
mtlA	b3599	3772280	3774194	1	mannitol-specific PTS enzyme IICBA component
mtlD	b3600	3774423	3775572	1	mannitol-1-phosphate 5-dehydrogenase
mtlR	b3601	3775571	3776159	1	transcriptional repressor MtlR
yibT	b4554	3776170	3776380	-1	protein YibT
yibL	b3602	3776664	3777027	1	DUF2810 domain-containing protein YibL
lldP	b3603	3777398	3779054	1	lactate/glycolate:H(+) symporter LldP
lldR	b3604	3779053	3779830	1	DNA-binding transcriptional dual regulator LldR
lldD	b3605	3779826	3781017	1	L-lactate dehydrogenase
trmL	b3606	3781214	3781688	1	tRNA (cytidine/uridine-2'-O)-ribose methyltransferase
cysE	b3607	3781740	3782562	-1	serine acetyltransferase
gpsA	b3608	3782641	3783661	-1	glycerol-3-phosphate dehydrogenase
secB	b3609	3783660	3784128	-1	protein export chaperone SecB
grxC	b3610	3784190	3784442	-1	reduced glutaredoxin 3
yibN	b3611	3784583	3785015	-1	putative sulfurtransferase YibN
gpmM	b3612	3785259	3786804	1	2,3-bisphosphoglycerate-independent phosphoglycerate mutase
envC	b3613	3786837	3788097	1	murein hydrolase activator EnvC
yibQ	b3614	3788100	3789060	1	divergent polysaccharide deacetylase domain-containing protein YibQ
waaH	b3615	3789046	3790081	-1	UDP-glucuronate:LPS(HepIII) glycosyltransferase
tdh	b3616	3790319	3791345	-1	threonine dehydrogenase
kbl	b3617	3791354	3792551	-1	2-amino-3-ketobutyrate CoA ligase
htrL	b3618	3792825	3793683	-1	protein HtrL
rfaD	b3619	3793986	3794919	1	ADP-L-glycero-D-mannoheptose 6-epimerase
waaF	b3620	3794928	3795975	1	ADP-heptose--LPS heptosyltransferase 2
waaC	b3621	3795978	3796938	1	ADP-heptose:LPS heptosyltransferase 1
waaL	b3622	3796947	3798207	1	O-antigen ligase
yibX	b4795	3797771	3798014	-1	protein YibX
yibX	b4795	3797771	3797846	-1	protein YibX-S
yibY	b4796	3798038	3798149	-1	protein YibY
waaU	b3623	3798238	3799312	-1	putative ADP-heptose:LPS heptosyltransferase 4
waaZ	b3624	3799344	3800196	-1	lipopolysaccharide core biosynthesis protein WaaZ
waaY	b3625	3800266	3800965	-1	lipopolysaccharide core heptose (II) kinase
waaJ	b3626	3800982	3801999	-1	UDP-glucose:(glucosyl)LPS alpha-1,2-glucosyltransferase
waaO	b3627	3802038	3803058	-1	UDP-D-glucose:(glucosyl)LPS alpha-1,3-glucosyltransferase
waaB	b3628	3803057	3804137	-1	UDP-D-galactose:(glucosyl)lipopolysaccharide-1, 6-D-galactosyltransferase
waaS	b3629	3804180	3805116	-1	lipopolysaccharide core biosynthesis protein WaaS
waaP	b3630	3805152	3805950	-1	lipopolysaccharide core heptose (I) kinase
waaG	b3631	3805942	3807067	-1	lipopolysaccharide glucosyltransferase I
waaQ	b3632	3807063	3808098	-1	lipopolysaccharide core heptosyltransferase 3
waaA	b3633	3808539	3809817	1	KDO transferase
coaD	b3634	3809824	3810304	1	pantetheine-phosphate adenylyltransferase
mutM	b3635	3810342	3811152	-1	DNA-formamidopyrimidine glycosylase
rpmG	b3636	3811249	3811417	-1	50S ribosomal subunit protein L33
rpmB	b3637	3811437	3811674	-1	50S ribosomal subunit protein L28
yicR	b3638	3811890	3812559	-1	RadC-like JAB domain-containing protein YicR
dfp	b3639	3812730	3813951	1	fused 4'-phosphopantothenoylcysteine decarboxylase and phosphopantothenoylcysteine synthetase
dut	b3640	3813928	3814387	1	dUTP diphosphatase
slmA	b3641	3814493	3815090	1	nucleoid occlusion factor SlmA
pyrE	b3642	3815126	3815768	-1	orotate phosphoribosyltransferase
rph	b3643	3815862	3816549	-1	truncated RNase PH
yicC	b3644	3816675	3817539	1	putative RNase adaptor protein YicC
dinD	b3645	3817759	3818584	1	DNA damage-inducible protein D
yicG	b3646	3818873	3819491	1	PF03458 family inner membrane protein YicG
ligB	b3647	3819487	3821170	-1	DNA ligase B
gmk	b3648	3821427	3822051	1	guanylate kinase
rpoZ	b3649	3822105	3822381	1	RNA polymerase subunit omega
spoT	b3650	3822399	3824508	1	bifunctional (p)ppGpp synthase/hydrolase SpoT
trmH	b3651	3824514	3825204	1	tRNA (Gm18) 2'-O-methyltransferase
recG	b3652	3825209	3827291	1	ATP-dependent DNA helicase RecG
gltS	b3653	3827459	3828665	-1	glutamate:sodium symporter
xanP	b3654	3828944	3830336	1	xanthine:H(+) symporter XanP
yicH	b3655	3830456	3832166	1	AsmA family protein YicH
yicI	b3656	3832218	3834537	-1	alpha-D-xyloside xylohydrolase
yicJ	b3657	3834546	3835929	-1	putative xyloside transporter YicJ
setC	b3659	3836952	3838137	1	putative exporter SetC
yicL	b3660	3838247	3839171	1	putative transporter YicL
yicU	b4797	3838641	3838701	-1	protein YicU
nlpA	b3661	3839174	3839993	-1	lipoprotein-28
yicS	b4555	3840214	3840508	1	uncharacterized protein YicS
nepI	b3662	3840548	3841739	-1	purine ribonucleoside exporter
yicN	b3663	3841949	3842402	-1	DUF1198 domain-containing protein YicN
adeQ	b3664	3842454	3843789	-1	adenine transporter
adeD	b3665	3843963	3845730	1	adenine deaminase
uhpT	b3666	3845775	3847167	-1	hexose-6-phosphate:phosphate antiporter
uhpC	b3667	3847304	3848624	-1	inner membrane protein sensing glucose-6-phosphate
uhpB	b3668	3848633	3850136	-1	sensor histidine kinase UhpB
uhpA	b3669	3850135	3850726	-1	DNA-binding transcriptional activator UhpA
ilvN	b3670	3850801	3851092	-1	acetohydroxy acid synthase I subunit IlvN
ilvB	b3671	3851095	3852784	-1	acetohydroxy acid synthase I subunit IlvB
ivbL	b3672	3852889	3852988	-1	ilvBN operon leader peptide
tisB	b4618	3853552	3853642	1	membrane-depolarizing toxin TisB
ysdE	b4798	3853765	3853840	-1	protein YsdE
emrD	b3673	3853921	3855106	1	multidrug efflux pump EmrD
yidF	b3674	3855113	3855611	-1	uncharacterized protein YidF
yidG	b3675	3855607	3855970	-1	inner membrane protein YidG
yidH	b3676	3855959	3856307	-1	DUF202 domain-containing inner membrane protein YidH
yidI	b3677	3856414	3856864	1	putative inner membrane protein YidI
yidJ	b3678	3856910	3858404	-1	putative sulfatase/phosphatase YidJ
yidK	b3679	3858400	3860116	-1	putative transporter YidK
yidL	b3680	3860282	3861176	1	putative DNA-binding transcriptional regulator YidL
glvB	b3682	3861986	3862472	-1	putative PTS enzyme II component GlvB
glvC	b3683	3862496	3863603	-1	putative PTS enzyme II component GlvC
yidP	b3684	3863898	3864615	1	putative DNA-binding transcriptional regulator YidP
yidE	b3685	3864611	3866273	-1	putative transport protein YidE
ibpB	b3686	3866468	3866897	-1	small heat shock protein IbpB
ibpA	b3687	3867008	3867422	-1	small heat shock protein IbpA
yidQ	b3688	3867727	3868060	1	DUF1375 domain-containing putative lipoprotein YidQ
yidR	b3689	3868061	3869309	-1	DUF3748 domain-containing galacturonate catabolism protein YidR
cbrA	b3690	3869376	3870441	1	colicin M resistance protein
dgoT	b3691	3870437	3871730	-1	D-galactonate:H(+) symporter
dgoD	b4478	3871849	3872998	-1	D-galactonate dehydratase
dgoA	b4477	3872994	3873612	-1	2-dehydro-3-deoxy-6-phosphogalactonate aldolase
dgoK	b3693	3873595	3874474	-1	2-dehydro-3-deoxygalactonokinase
dgoR	b4479	3874470	3875160	-1	DNA-binding transcriptional regulator DgoR
yidX	b3696	3875437	3876094	1	putative lipoprotein YidX
yidA	b3697	3876139	3876952	-1	sugar phosphatase YidA
yidB	b3698	3877066	3877465	-1	DUF937 domain-containing protein YidB
gyrB	b3699	3877704	3880119	-1	DNA gyrase subunit B
recF	b3700	3880147	3881221	-1	recombination mediator protein RecF
dnaN	b3701	3881220	3882321	-1	beta sliding clamp
dnaA	b3702	3882325	3883729	-1	chromosomal replication initiator protein DnaA
ysdD	b4757	3884025	3884106	1	protein YsdD
rpmH	b3703	3884335	3884476	1	50S ribosomal subunit protein L34
rnpA	b3704	3884492	3884852	1	RNase P protein component
yidD	b4557	3884815	3885073	1	membrane protein insertion efficiency factor
yidC	b3705	3885075	3886722	1	membrane protein insertase YidC
mnmE	b3706	3886827	3888192	1	5-carboxymethylaminomethyluridine-tRNA synthase GTPase subunit
tnaC	b3707	3888434	3888509	1	tnaAB operon leader peptide
tnaA	b3708	3888729	3890145	1	tryptophanase
tnaB	b3709	3890235	3891483	1	tryptophan:H(+) symporter TnaB
mdtL	b3710	3891614	3892790	1	efflux pump MdtL
yidZ	b3711	3892764	3893724	1	DNA-binding transcriptional dual regulator YidZ
yieE	b3712	3893880	3894630	1	putative phosphopantetheinyl transferase
yieF	b3713	3894651	3895218	1	quinone reductase
adeP	b3714	3895271	3896609	-1	adenine:H(+) symporter
yieH	b3715	3896773	3897439	1	6-phosphogluconate phosphatase
cbrB	b3716	3897505	3897973	1	putative inner membrane protein
cbrC	b3717	3898021	3898609	1	PF03691 family colicin E2 tolerance protein CbrC
yieK	b3718	3898670	3899393	-1	putative glucosamine-6-phosphate deaminase YieK
yieL	b3719	3899407	3900577	-1	putative hydrolase YieL
bglH	b3720	3900603	3902220	-1	cryptic carbohydrate-specific outer membrane porin
bglB	b3721	3902288	3903701	-1	cryptic 6-phospho-beta-glucosidase B
bglF	b3722	3903719	3905597	-1	cryptic beta-glucoside specific PTS enzyme II/BglG kinase/BglG phosphatase
bglG	b3723	3905730	3906567	-1	transcriptional antiterminator BglG
phoU	b3724	3906852	3907578	-1	negative regulator of the pho regulon
pstB	b3725	3907592	3908366	-1	phosphate ABC transporter ATP binding subunit
pstA	b3726	3908548	3909439	-1	phosphate ABC transporter membrane subunit PstA
pstC	b3727	3909438	3910398	-1	phosphate ABC transporter membrane subunit PstC
pstS	b3728	3910484	3911525	-1	phosphate ABC transporter periplasmic binding protein
glmS	b3729	3911838	3913668	-1	L-glutamine--D-fructose-6-phosphate aminotransferase
glmU	b3730	3913829	3915200	-1	fused N-acetylglucosamine-1-phosphate uridyltransferase and glucosamine-1-phosphate acetyltransferase
atpC	b3731	3915552	3915972	-1	ATP synthase F1 complex subunit epsilon
atpD	b3732	3915992	3917375	-1	ATP synthase F1 complex subunit beta
atpG	b3733	3917401	3918265	-1	ATP synthase F1 complex subunit gamma
atpA	b3734	3918315	3919857	-1	ATP synthase F1 complex subunit alpha
atpH	b3735	3919869	3920403	-1	ATP synthase F1 complex subunit delta
atpF	b3736	3920417	3920888	-1	ATP synthase Fo complex subunit b
atpE	b3737	3920949	3921189	-1	ATP synthase Fo complex subunit c
atpB	b3738	3921235	3922051	-1	ATP synthase Fo complex subunit a
atpI	b3739	3922059	3922440	-1	ATP synthase accessory factor AtpI
rsmG	b3740	3923056	3923680	-1	16S rRNA m(7)G527 methyltransferase
mnmG	b3741	3923743	3925633	-1	5-carboxymethylaminomethyluridine-tRNA synthase subunit MnmG
mioC	b3742	3926011	3926455	-1	flavoprotein MioC
asnC	b3743	3926544	3927003	-1	DNA-binding transcriptional dual regulator AsnC
asnA	b3744	3927154	3928147	1	asparagine synthetase A
viaA	b3745	3928151	3929603	-1	protein ViaA
ravA	b3746	3929596	3931093	-1	regulatory ATPase RavA
kup	b3747	3931315	3933184	1	K(+):H(+) symporter Kup
rbsD	b3748	3933350	3933770	1	D-ribose pyranase
rbsA	b3749	3933777	3935283	1	ribose ABC transporter ATP binding subunit
rbsC	b3750	3935287	3936253	1	ribose ABC transporter membrane subunit
rbsB	b3751	3936277	3937168	1	ribose ABC transporter periplasmic binding protein
rbsK	b3752	3937293	3938223	1	ribokinase
rbsR	b3753	3938226	3939219	1	DNA-binding transcriptional dual regulator RbsR
hsrA	b3754	3939184	3940612	-1	putative transporter HsrA
yieP	b3755	3940634	3941327	-1	DNA-binding transcriptional dual regulator YieP
hdfR	b4480	3947127	3947967	-1	DNA-binding transcriptional dual regulator HdfR
maoP	b3764	3948085	3948424	1	macrodomain Ori protein
yifB	b3765	3948448	3949969	-1	putative magnesium chelatase YifB
ilvL	b3766	3950321	3950420	1	ilvXGMEDA operon leader peptide
ilvX	b4669	3950506	3950557	1	uncharacterized protein IlvX
ilvM	b3769	3952200	3952464	1	acetolactate synthase II subunit IlvM
ilvE	b3770	3952483	3953413	1	branched-chain-amino-acid aminotransferase
ilvD	b3771	3953477	3955328	1	dihydroxy-acid dehydratase
ilvA	b3772	3955330	3956875	1	threonine deaminase
ilvY	b3773	3956926	3957820	-1	DNA-binding transcriptional dual regulator IlvY
ilvC	b3774	3957969	3959445	1	ketol-acid reductoisomerase (NADP(+))
ppiC	b3775	3959531	3959813	-1	peptidyl-prolyl cis-trans isomerase C
rep	b3778	3960676	3962698	1	ATP-dependent DNA helicase Rep
gpp	b3779	3962744	3964229	-1	guanosine-5'-triphosphate,3'-diphosphate phosphatase
rhlB	b3780	3964364	3965630	-1	ATP-dependent RNA helicase RhlB
trxA	b3781	3965760	3966090	1	thioredoxin 1
rhoL	b3782	3966230	3966332	1	rho operon leader peptide
rho	b3783	3966416	3967676	1	transcription termination factor Rho
wecA	b3784	3967915	3969019	1	UDP-N-acetylglucosamine--undecaprenyl-phosphate N-acetylglucosaminephosphotransferase
wzzE	b3785	3969030	3970077	1	enterobacterial common antigen polysaccharide co-polymerase
wecB	b3786	3970132	3971263	1	UDP-N-acetylglucosamine 2-epimerase
wecC	b3787	3971259	3972522	1	UDP-N-acetyl-D-mannosamine dehydrogenase
rffG	b3788	3972521	3973589	1	dTDP-glucose 4,6-dehydratase 2
rffH	b3789	3973607	3974489	1	glucose-1-phosphate thymidylyltransferase 2
rffC	b3790	3974466	3975141	1	dTDP-4-amino-4,6-dideoxy-D-galactose acyltransferase
wecE	b3791	3975145	3976276	1	dTDP-4-dehydro-6-deoxy-D-glucose transaminase
wzxE	b3792	3976277	3977528	1	lipid IIIECA flippase
wecF	b4481	3977524	3978604	1	TDP-N-acetylfucosamine:lipid II N-acetylfucosaminyltransferase
wzyE	b3793	3978600	3979953	1	enterobacterial common antigen polymerase
rffM	b3794	3979955	3980696	1	UDP-N-acetyl-D-mannosaminuronic acid transferase
thrP	b3795	3980886	3982272	1	threonine/serine:H(+) symporter ThrP
aslB	b3800	3982957	3984193	1	putative anaerobic sulfatase maturation enzyme AslB
aslA	b3801	3984351	3986007	-1	putative sulfatase AslA
hemY	b3802	3986685	3987882	-1	protein HemY
hemX	b3803	3987884	3989066	-1	PF04375 family protein HemX
hemD	b3804	3989087	3989828	-1	uroporphyrinogen-III synthase
hemC	b3805	3989824	3990766	-1	hydroxymethylbilane synthase
cyaA	b3806	3991152	3993699	1	adenylate cyclase
cyaY	b3807	3993738	3994059	-1	frataxin CyaY
yzcX	b3808	3993849	3994335	1	protein YzcX
lptM	b4558	3994521	3994725	1	LptD oxidative maturation-associated lipoprotein
dapF	b3809	3994761	3995586	1	diaminopimelate epimerase
yigA	b3810	3995582	3996290	1	DUF484 domain-containing protein YigA
xerC	b3811	3996286	3997183	1	site-specific tyrosine recombinase
yigB	b3812	3997182	3997899	1	5-amino-6-(5-phospho-D-ribitylamino)uracil phosphatase
uvrD	b3813	3997982	4000145	1	DNA helicase II
yigE	b4482	4000291	4001056	-1	DUF2233 domain-containing protein YigE
ysgD	b4799	4001217	4001274	1	protein YsgD
corA	b3816	4001425	4002376	1	Ni(2(+))/Co(2(+))/Mg(2(+)) transporter
yigF	b3817	4002418	4002799	-1	DUF2628 domain-containing protein YigF
yigG	b3818	4002812	4003193	-1	inner membrane protein YigG
rarD	b3819	4003287	4004178	-1	putative transporter RarD
yigI	b3820	4004229	4004697	-1	acyl-CoA thioesterase YigI
pldA	b3821	4004861	4005731	1	outer membrane phospholipase A
recQ	b3822	4005863	4007693	1	ATP-dependent DNA helicase RecQ
rhtC	b3823	4007756	4008377	1	L-threonine exporter
rhtB	b3824	4008438	4009059	-1	L-homoserine/L-homoserine lactone/L-threonine exporter
pldB	b3825	4009169	4010192	1	lysophospholipase L2
yigL	b3826	4010199	4011000	1	phosphosugar phosphatase YigL
bioP	b3827	4011075	4011975	1	biotin transporter
metR	b3828	4011862	4012816	-1	DNA-binding transcriptional dual regulator MetR
metE	b3829	4013052	4015314	1	cobalamin-independent homocysteine transmethylase
ysgA	b3830	4015353	4016169	-1	putative dienelactone hydrolase
udp	b3831	4016430	4017192	1	uridine phosphorylase
rmuC	b3832	4017332	4018760	1	putative recombination limiting protein RmuC
ubiE	b3833	4018854	4019610	1	bifunctional 2-octaprenyl-6-methoxy-1,4-benzoquinol methylase and demethylmenaquinone methyltransferase
ubiJ	b3834	4019623	4020229	1	ubiquinone biosynthesis accessory factor UbiJ
ubiB	b3835	4020225	4021866	1	ubiquinone biosynthesis protein UbiB
tatA	b3836	4021944	4022214	1	twin arginine protein translocation system - TatA protein
tatB	b3838	4022217	4022733	1	twin arginine protein translocation system - TatB protein
tatC	b3839	4022735	4023512	1	twin arginine protein translocation system - TatC protein
tatD	b4483	4023553	4024336	1	3' -> 5' ssDNA/RNA exonuclease TatD
rfaH	b3842	4024332	4024821	-1	transcription antiterminator RfaH
ubiD	b3843	4024987	4026481	1	3-octaprenyl-4-hydroxybenzoate decarboxylase
fre	b3844	4026526	4027228	1	NAD(P)H-flavin reductase
fadA	b3845	4027608	4028772	-1	3-ketoacyl-CoA thiolase
fadB	b3846	4028781	4030971	-1	multifunctional enoyl-CoA hydratase, 3-hydroxyacyl-CoA epimerase, Delta(3)-cis- Delta(2)-trans-enoyl-CoA isomerase, L-3-hydroxyacyl-CoA dehydrogenase
pepQ	b3847	4031160	4032492	1	Xaa-Pro dipeptidase
yigZ	b3848	4032491	4033106	1	IMPACT family member YigZ
trkH	b3849	4033144	4034596	1	K(+) transporter TrkH
hemG	b3850	4034607	4035153	1	protoporphyrinogen oxidase
mobB	b3856	4040905	4041433	-1	molybdopterin-guanine dinucleotide biosynthesis adaptor protein
mobA	b3857	4041414	4041999	-1	molybdenum cofactor guanylyltransferase
yihD	b3858	4042068	4042338	1	DUF1040 domain-containing protein YihD
srkA	b3859	4042414	4043401	1	stress response kinase A
dsbA	b3860	4043417	4044044	1	thiol:disulfide oxidoreductase DsbA
yihF	b3861	4044198	4045629	1	DUF945 domain-containing protein YihF
yihG	b3862	4045669	4046602	-1	1-acylglycerol-3-phosphate O-acyltransferase YihG
polA	b3863	4046965	4049752	1	DNA polymerase I
spfP	b4837	4049916	4049964	1	dual-function small protein SpfP
yihA	b3865	4050132	4050765	-1	GTP-binding protein YihA
yihI	b3866	4051346	4051856	1	Der GTPase-activating protein YihI
hemN	b3867	4052044	4053418	1	coproporphyrinogen III dehydrogenase
yshB	b4686	4053646	4053757	-1	uncharacterized protein YshB
glnG	b3868	4053868	4055278	-1	DNA-binding transcriptional dual regulator NtrC
glnL	b3869	4055289	4056339	-1	protein histidine kinase NtrB
glnA	b3870	4056624	4058034	-1	glutamine synthetase
bipA	b3871	4058406	4060230	1	50S ribosomal subunit assembly factor BipA
yihL	b3872	4060446	4061157	1	putative DNA-binding transcriptional regulator YihL
yihM	b3873	4061164	4062145	1	putative TIM barrel domain-containing protein YihM
yihN	b3874	4062246	4063512	1	putative transporter YihN
ompL	b3875	4063602	4064295	-1	putative outer membrane porin L
yihO	b3876	4064362	4065766	-1	putative sulfoquinovose transporter
yihP	b3877	4065808	4067194	-1	putative 2,3-dihydroxypropane-1-sulfonate export protein
yihQ	b3878	4067239	4069276	-1	sulfoquinovosidase
yihR	b3879	4069474	4070401	-1	putative sulfoquinovose mutarotase YihR
yihS	b3880	4070514	4071756	-1	sulfoquinovose isomerase
yihT	b3881	4071772	4072651	-1	6-deoxy-6-sulfofructose-1-phosphate aldolase
yihU	b3882	4072674	4073571	-1	3-sulfolactaldehyde reductase
yihV	b3883	4073738	4074635	1	6-deoxy-6-sulfofructose kinase
csqR	b3884	4074668	4075454	1	DNA-binding transcriptional dual regulator CsqR
yihX	b3885	4075552	4076152	1	alpha-D-glucose-1-phosphate phosphatase YihX
yihY	b3886	4076145	4077018	1	PF03631 family membrane protein YihY
dtd	b3887	4077014	4077452	1	D-aminoacyl-tRNA deacylase
fabY	b3888	4077448	4078438	1	putative fatty acid biosynthesis enzyme FabY
yiiE	b3889	4079290	4079509	1	putative DNA-binding transcriptional regulator YiiE
yiiF	b3890	4079750	4079969	1	protein YiiF
fdhE	b3891	4080298	4081228	-1	formate dehydrogenase formation protein
fdoI	b3892	4081224	4081860	-1	formate dehydrogenase O subunit gamma
fdoH	b3893	4081856	4082759	-1	formate dehydrogenase O subunit beta
fdoG	b3894	4082771	4085822	-1	formate dehydrogenase O subunit alpha
fdhD	b3895	4086015	4086849	1	sulfurtransferase for molybdenum cofactor sulfuration
yiiG	b3896	4087001	4088057	1	DUF3829 domain-containing lipoprotein YiiG
frvR	b3897	4088106	4089855	-1	putative DNA-binding transcriptional regulator FrvR
frvX	b3898	4089854	4090925	-1	peptidase M42 family protein FrvX
frvB	b3899	4090914	4092366	-1	putative PTS enzyme IIBC component FrvB
frvA	b3900	4092376	4092823	-1	putative PTS enzyme IIA component FrvA
rhaM	b3901	4093123	4093438	-1	L-rhamnose mutarotase
rhaD	b3902	4093447	4094272	-1	rhamnulose-1-phosphate aldolase
rhaA	b3903	4094722	4095982	-1	L-rhamnose isomerase
rhaB	b3904	4095978	4097448	-1	rhamnulokinase
rhaS	b3905	4097735	4098572	1	DNA-binding transcriptional activator RhaS
rhaR	b3906	4098645	4099494	1	DNA-binding transcriptional activator RhaR
rhaT	b3907	4099490	4100525	-1	rhamnose/lyxose:H(+) symporter
sodA	b3908	4100809	4101430	1	superoxide dismutase (Mn)
kdgT	b3909	4101689	4102673	1	2-dehydro-3-deoxy-D-gluconate:H(+) symporter
yiiM	b3910	4102821	4103496	1	6-hydroxyaminopurine reductase
cpxA	b3911	4103601	4104975	-1	sensor histidine kinase CpxA
cpxR	b3912	4104971	4105670	-1	DNA-binding transcriptional dual regulator CpxR
cpxP	b4484	4105819	4106320	1	periplasmic protein CpxP
fieF	b3915	4106468	4107371	1	Zn(2(+))/Fe(2(+))/Cd(2(+)) exporter
pfkA	b3916	4107551	4108514	1	6-phosphofructokinase 1
sbp	b3917	4108833	4109823	1	sulfate/thiosulfate ABC transporter periplasmic binding protein Sbp
cdh	b3918	4109929	4110685	1	CDP-diacylglycerol diphosphatase
tpiA	b3919	4110739	4111507	-1	triose-phosphate isomerase
yiiQ	b3920	4111614	4112214	-1	DUF1454 domain-containing protein YiiQ
yiiR	b3921	4112314	4112755	1	DUF805 domain-containing protein YiiR
yiiS	b3922	4112966	4113266	1	DUF406 domain-containing protein YiiS
uspD	b3923	4113292	4113721	1	universal stress protein D
fpr	b3924	4113725	4114472	-1	flavodoxin/ferredoxin-NADP(+) reductase
glpX	b3925	4114568	4115579	-1	fructose-1,6-bisphosphatase 2
glpK	b3926	4115713	4117222	-1	glycerol kinase
glpF	b3927	4117244	4118090	-1	glycerol facilitator
zapB	b3928	4118514	4118760	1	cell division factor ZapB
rraA	b3929	4118844	4119330	-1	ribonuclease E inhibitor protein A
menA	b3930	4119422	4120349	-1	1,4-dihydroxy-2-naphthoate octaprenyltransferase
hslU	b3931	4120415	4121747	-1	ATPase component of the HslVU protease
hslV	b3932	4121756	4122287	-1	peptidase component of the HslVU protease
ftsN	b3933	4122379	4123339	-1	cell division protein FtsN
cytR	b3934	4123430	4124456	-1	CytR
priA	b3935	4124611	4126810	-1	primosomal protein N'
rpmE	b3936	4127012	4127225	1	50S ribosomal subunit protein L31
yiiX	b3937	4127285	4127894	-1	putative lipid-binding hydrolase YiiX
metJ	b3938	4128077	4128395	-1	DNA-binding transcriptional repressor MetJ
metB	b3939	4128671	4129832	1	O-succinylhomoserine(thiol)-lyase/O- succinylhomoserine lyase
metL	b3940	4129834	4132267	1	fused aspartate kinase/homoserine dehydrogenase 2
metF	b3941	4132615	4133506	1	5,10-methylenetetrahydrofolate reductase
katG	b3942	4133834	4136015	1	catalase/hydroperoxidase HPI
yijE	b3943	4136107	4137013	1	cystine exporter
yijF	b3944	4137039	4137657	-1	DUF1287 domain-containing protein YijF
gldA	b3945	4137931	4139035	-1	L-1,2-propanediol dehydrogenase/glycerol dehydrogenase
fsaB	b3946	4139045	4139708	-1	fructose-6-phosphate aldolase 2
ptsA	b3947	4139719	4142221	-1	putative PTS multiphosphoryl transfer protein PtsA
frwC	b3949	4142529	4143609	1	putative PTS enzyme IIC component FrwC
frwB	b3950	4143623	4143944	1	putative PTS enzyme IIB component FrwB
pflD	b3951	4143994	4146292	1	putative formate acetyltransferase 2
pflC	b3952	4146257	4147136	1	putative pyruvate formate-lyase 2 activating enzyme PflC
frwD	b3953	4147137	4147479	1	putative PTS enzyme IIB component FrwD
yijO	b3954	4147465	4148317	-1	putative DNA-binding transcriptional regulator YijO
eptC	b3955	4148531	4150265	-1	phosphoethanolamine transferase EptC
ppc	b3956	4150446	4153098	-1	phosphoenolpyruvate carboxylase
argE	b3957	4153695	4154847	-1	acetylornithine deacetylase
argC	b3958	4155000	4156005	1	N-acetylglutamylphosphate reductase
argB	b3959	4156012	4156789	1	acetylglutamate kinase
argH	b3960	4156849	4158223	1	argininosuccinate lyase
oxyR	b3961	4158489	4159407	1	DNA-binding transcriptional dual regulator OxyR
sthA	b3962	4159389	4160790	-1	soluble pyridine nucleotide transhydrogenase
fabR	b3963	4161066	4161771	1	DNA-binding transcriptional repressor FabR
yijD	b3964	4161770	4162130	1	DUF1422 domain-containing inner membrane protein YijD
trmA	b3965	4162169	4163270	-1	tRNA m(5)U54 methyltransferase
btuB	b3966	4163638	4165483	1	cobalamin outer membrane transporter
murI	b3967	4165427	4166285	1	glutamate racemase
murB	b3972	4172056	4173085	1	UDP-N-acetylenolpyruvoylglucosamine reductase
birA	b3973	4173081	4174047	1	DNA-binding transcriptional repressor/biotin-[acetyl-CoA-carboxylase] ligase BirA
coaA	b3974	4174075	4175026	-1	pantothenate kinase
tufB	b3980	4175943	4177128	1	translation elongation factor Tu 2
secE	b3981	4177357	4177741	1	Sec translocon subunit SecE
nusG	b3982	4177742	4178288	1	transcription termination/antitermination factor NusG
rplK	b3983	4178446	4178875	1	50S ribosomal subunit protein L11
rplA	b3984	4178878	4179583	1	50S ribosomal subunit protein L1
rplJ	b3985	4179995	4180493	1	50S ribosomal subunit protein L10
rplL	b3986	4180559	4180925	1	50S ribosomal subunit protein L12
rpoB	b3987	4181244	4185273	1	RNA polymerase subunit beta
rpoC	b3988	4185349	4189573	1	RNA polymerase subunit beta'
yjaZ	b3989	4189785	4190325	1	protein YjaZ
thiH	b3990	4190734	4191868	-1	2-iminoacetate synthase
thiG	b3991	4191864	4192635	-1	1-deoxy-D-xylulose 5-phosphate:thiol sulfurtransferase
thiS	b4407	4192636	4192837	-1	sulfur carrier protein ThiS
thiF	b3992	4192820	4193576	-1	sulfur carrier protein ThiS adenylyltransferase
thiE	b3993	4193568	4194204	-1	thiamine phosphate synthase
thiC	b3994	4194203	4196099	-1	phosphomethylpyrimidine synthase
rsd	b3995	4196331	4196808	-1	regulator of sigma D
nudC	b3996	4196902	4197676	1	RNA decapping hydrolase
hemE	b3997	4197715	4198780	1	uroporphyrinogen decarboxylase
nfi	b3998	4198789	4199461	1	endonuclease V
yjaG	b3999	4199503	4200094	1	DUF416 domain-containing protein YjaG
hupA	b4000	4200280	4200553	1	DNA-binding protein HU-alpha
yjaH	b4001	4200565	4201261	1	DUF1481 domain-containing protein YjaH
zraP	b4002	4201262	4201688	-1	signaling pathway modulator ZraP
zraS	b4003	4201925	4203323	1	sensor histidine kinase ZraS
zraR	b4004	4203319	4204645	1	DNA-binding transcriptional activator ZraR
purD	b4005	4204641	4205931	-1	phosphoribosylamine--glycine ligase
purH	b4006	4205942	4207532	-1	bifunctional AICAR transformylase/IMP cyclohydrolase
yjaA	b4011	4213233	4213617	1	stress response protein
yjaB	b4012	4213679	4214123	-1	peptidyl-lysine N-acetyltransferase YjaB
metA	b4013	4214279	4215209	1	homoserine O-succinyltransferase
aceB	b4014	4215477	4217079	1	malate synthase A
aceA	b4015	4217108	4218413	1	isocitrate lyase
aceK	b4016	4218595	4220332	1	isocitrate dehydrogenase kinase/phosphatase
arpA	b4017	4220300	4222487	-1	ankyrin-like regulator
iclR	b4018	4222803	4223628	-1	DNA-binding transcriptional repressor IclR
metH	b4019	4223827	4227511	1	cobalamin-dependent methionine synthase
yjbB	b4020	4227730	4229362	1	putative inorganic phosphate export protein YjbB
pepE	b4021	4229452	4230142	-1	peptidase E
rluF	b4022	4230353	4231226	1	23S rRNA pseudouridine(2604) and tRNA(Tyr) pseudouridine(35) synthase
yjbD	b4023	4231358	4231631	-1	DUF3811 domain-containing protein YjbD
lysC	b4024	4231883	4233233	-1	aspartate kinase III
pgi	b4025	4233757	4235407	1	glucose-6-phosphate isomerase
yjbE	b4026	4235905	4236148	1	uncharacterized protein YjbE
yjbF	b4027	4236261	4236900	1	lipoprotein YjbF
yjbG	b4028	4236896	4237634	1	capsule biosynthesis GfcC family protein YjbG
yjbH	b4029	4237633	4239730	1	putative lipoprotein YjbH
yjbT	b4620	4239776	4240055	-1	PF17089 family protein YjbT
psiE	b4030	4240324	4240735	1	putative phosphate starvation-inducible protein PsiE
xylE	b4031	4240778	4242254	-1	D-xylose:H(+) symporter
malG	b4032	4242625	4243516	-1	maltose ABC transporter membrane subunit MalG
malF	b4033	4243530	4245075	-1	maltose ABC transporter membrane subunit MalF
malE	b4034	4245228	4246419	-1	maltose ABC transporter periplasmic binding protein
malK	b4035	4246783	4247899	1	maltose ABC transporter ATP binding subunit
lamB	b4036	4247970	4249311	1	maltose outer membrane channel/phage lambda receptor protein
malM	b4037	4249553	4250474	1	maltose regulon periplasmic protein
ubiC	b4039	4252505	4253003	1	chorismate lyase
ubiA	b4040	4253015	4253888	1	4-hydroxybenzoate octaprenyltransferase
plsB	b4041	4254042	4256466	-1	glycerol-3-phosphate 1-O-acyltransferase
dgkA	b4042	4256636	4257005	1	diacylglycerol kinase
lexA	b4043	4257114	4257723	1	DNA-binding transcriptional repressor LexA
dinF	b4044	4257741	4259121	1	DNA damage-inducible protein F
yjbJ	b4045	4259236	4259446	1	putative stress response protein YjbJ
zur	b4046	4259487	4260003	-1	DNA-binding transcriptional repressor Zur
yjbL	b4047	4260320	4260575	1	uncharacterized protein YjbL
yjbM	b4048	4260598	4261306	1	DUF2713 domain-containing protein YjbM
dusA	b4049	4261668	4262706	1	tRNA-dihydrouridine synthase A
pspG	b4050	4262839	4263082	1	phage shock protein G
qorA	b4051	4263247	4264231	-1	putative quinone oxidoreductase 1
dnaB	b4052	4264313	4265729	1	replicative DNA helicase
alr	b4053	4265781	4266861	1	alanine racemase 1
tyrB	b4054	4267113	4268307	1	tyrosine aminotransferase
yjbS	b4621	4268808	4269012	-1	uncharacterized protein YjbS
aphA	b4055	4269413	4270127	1	acid phosphatase/phosphotransferase
yjbQ	b4056	4270237	4270654	1	PF01894 family protein YjbQ
yjbR	b4057	4270657	4271014	1	PF04237 family protein YjbR
uvrA	b4058	4271048	4273871	-1	UvrABC excision nuclease subunit A
ssb	b4059	4274124	4274661	1	ssDNA-binding protein
yjcB	b4060	4274759	4275041	-1	uncharacterized protein YjcB
pdeC	b4061	4275470	4277057	1	cyclic di-GMP phosphodiesterase PdeC
soxS	b4062	4277059	4277383	-1	DNA-binding transcriptional dual regulator SoxS
soxR	b4063	4277468	4277933	1	DNA-binding transcriptional dual regulator SoxR
ghxP	b4064	4278478	4279828	1	guanine/hypoxanthine transporter GhxP
yjcE	b4065	4279979	4281629	1	putative transporter YjcE
yjcF	b4066	4281782	4283075	-1	pentapeptide repeat-containing protein YjcF
actP	b4067	4283252	4284902	-1	acetate/glycolate:cation symporter
yjcH	b4068	4284898	4285213	-1	DUF485 domain-containing inner membrane protein YjcH
acs	b4069	4285412	4287371	-1	acetyl-CoA synthetase (AMP-forming)
ytcB	b4821	4287610	4287667	1	protein YtcB
nrfA	b4070	4287763	4289200	1	cytochrome c552 nitrite reductase
nrfB	b4071	4289244	4289811	1	periplasmic nitrite reductase penta-heme c-type cytochrome
nrfC	b4072	4289807	4290479	1	putative menaquinol-cytochrome c reductase 4Fe-4S subunit
nrfD	b4073	4290475	4291432	1	putative menaquinol-cytochrome c reductase subunit NrfD
nrfE	b4074	4291511	4293170	1	putative cytochrome c-type biogenesis protein NrfE
nrfF	b4075	4293162	4293546	1	putative formate-dependent nitrite reductase complex subunit NrfF
nrfG	b4076	4293542	4294139	1	putative formate-dependent nitrite reductase complex subunit NrfG
gltP	b4077	4294480	4295794	1	glutamate/aspartate : H(+) symporter GltP
yjcO	b4078	4296435	4297125	-1	Sel1 repeat-containing protein YjcO
fdhF	b4079	4297218	4299366	-1	formate dehydrogenase H
mdtP	b4080	4299563	4301030	-1	putative multidrug efflux pump outer membrane channel
mdtO	b4081	4301026	4303078	-1	putative multidrug efflux pump subunit MdtO
mdtN	b4082	4303077	4304109	-1	putative multidrug efflux pump membrane fusion protein
ytcA	b4622	4304127	4304403	-1	putative lipoprotein YtcA
yjcS	b4083	4304611	4306597	-1	linear primary-alkylsulfatase
alsK	b4084	4306869	4307799	-1	D-allose kinase
alsE	b4085	4307782	4308478	-1	D-allulose-6-phosphate 3-epimerase
alsC	b4086	4308488	4309469	-1	D-allose ABC transporter membrane subunit
alsA	b4087	4309447	4310980	-1	D-allose ABC transporter ATP binding subunit
alsB	b4088	4311106	4312042	-1	D-allose ABC transporter periplasmic binding protein
alsR	b4089	4312100	4312991	-1	DNA-binding transcriptional repressor AlsR
rpiB	b4090	4313349	4313799	1	allose-6-phosphate isomerase/ribose-5-phosphate isomerase B
yjdP	b4487	4313867	4314197	1	protein YjdP
phnP	b4092	4314343	4315102	-1	5-phospho-alpha-D-ribosyl 1,2-cyclic phosphate phosphodiesterase
phnO	b4093	4315103	4315538	-1	aminoalkylphosphonate N-acetyltransferase
phnN	b4094	4315524	4316082	-1	ribose 1,5-bisphosphate phosphokinase
phnM	b4095	4316081	4317218	-1	RPnTP hydrolase
phnL	b4096	4317214	4317895	-1	carbon-phosphorus lyase ATP-binding protein PhnL
phnK	b4097	4318005	4318764	-1	carbon-phosphorus lyase ATP-binding protein PhnK
phnJ	b4098	4318760	4319606	-1	carbon-phosphorus lyase core complex subunit PhnJ
phnI	b4099	4319598	4320663	-1	carbon-phosphorus lyase core complex subunit PhnI
phnH	b4100	4320662	4321247	-1	carbon-phosphorus lyase core complex subunit PhnH
phnG	b4101	4321243	4321696	-1	carbon-phosphorus lyase core complex subunit PhnG
phnF	b4102	4321696	4322422	-1	putative transcriptional regulator PhnF
phnE1	b4583	4322442	4323281	-1	phosphonate/phosphate ABC transporter membrane subunit PhnE1
phnD	b4105	4323335	4324352	-1	phosphonate/phosphate ABC transporter periplasmic binding protein
phnC	b4106	4324376	4325165	-1	phosphonate/phosphate ABC transporter ATP binding subunit
yjdN	b4107	4325297	4325741	-1	PF06983 family protein YjdN
yjdM	b4108	4326398	4326734	-1	zinc ribbon domain-containing protein YjdM
rdcA	b4109	4327134	4329363	1	regulator of diguanylate cyclase RdcA
rdcB	b4110	4329359	4330238	1	regulator of diguanylate cyclase RdcB
proP	b4111	4330501	4332004	1	osmolyte:H(+) symporter ProP
pmrR	b4703	4332115	4332205	1	small regulatory membrane protein PmrR
basS	b4112	4332180	4333272	-1	sensor histidine kinase BasS
basR	b4113	4333281	4333950	-1	DNA-binding transcriptional dual regulator BasR
eptA	b4114	4333946	4335590	-1	phosphoethanolamine transferase EptA
adiC	b4115	4335693	4337031	-1	arginine:agmatine antiporter
adiY	b4116	4337167	4337929	-1	DNA-binding transcriptional activator AdiY
adiA	b4117	4338253	4340521	-1	arginine decarboxylase, degradative
melR	b4118	4340719	4341628	-1	DNA-binding transcriptional dual regulator MelR
melA	b4119	4341910	4343266	1	alpha-galactosidase
melB	b4120	4343368	4344790	1	melibiose:H(+)/Na(+)/Li(+) symporter
yjdF	b4121	4344928	4345558	-1	DUF2238 domain-containing inner membrane protein YjdF
fumB	b4122	4345679	4347326	-1	fumarase B
dcuB	b4123	4347403	4348744	-1	anaerobic C4-dicarboxylate transporter DcuB
dcuR	b4124	4349314	4350034	-1	DNA-binding transcriptional activator DcuR
dcuS	b4125	4350030	4351662	-1	sensor histidine kinase DcuS
yjdI	b4126	4351842	4352073	1	PF06902 family protein YjdI
yjdJ	b4127	4352084	4352357	1	putative N-acetyltransferase YjdJ
ghoS	b4128	4352583	4352880	1	antitoxin of the GhoTS toxin-antitoxin system
ghoT	b4559	4352907	4353081	1	toxin of the GhoTS toxin-antitoxin system
lysU	b4129	4353199	4354717	-1	lysyl-tRNA synthetase
dtpC	b4130	4354953	4356411	-1	dipeptide/tripeptide:H(+) symporter DtpC
cadA	b4131	4356469	4358617	-1	lysine decarboxylase 1
cadB	b4132	4358696	4360031	-1	lysine:cadaverine antiporter
cadC	b4133	4360395	4361934	-1	DNA-binding transcriptional activator CadC
dicD	b4135	4362732	4363308	-1	DNA-binding transcriptional regulator DicD
dsbD	b4136	4363344	4365042	-1	thiol-disulfide exchange protein DsbD
cutA	b4137	4365017	4365356	-1	copper binding protein CutA
dcuA	b4138	4365471	4366773	-1	C4-dicarboxylate transporter DcuA
aspA	b4139	4366890	4368327	-1	aspartate ammonia-lyase
fxsA	b4140	4368663	4369140	1	protein FxsA
yjeH	b4141	4369155	4370412	-1	L-methionine/branched chain amino acid exporter
groS	b4142	4370687	4370981	1	cochaperonin GroES
groL	b4143	4371024	4372671	1	chaperonin GroEL
yjeI	b4144	4372808	4373162	1	DUF4156 domain-containing lipoprotein YjeI
yjeJ	b4145	4373364	4374234	-1	protein YjeJ
epmB	b4146	4374628	4375657	-1	lysine 2,3-aminomutase
efp	b4147	4375698	4376265	1	protein chain elongation factor EF-P
ecnA	b4410	4376316	4376442	1	entericidin A lipoprotein, antidote to entericidin B
ecnB	b4411	4376552	4376699	1	bacteriolytic entericidin B lipoprotein
gdx	b4148	4376874	4377192	1	guanidinium exporter
blc	b4149	4377188	4377722	-1	outer membrane lipocalin protein
ampC	b4150	4377810	4378944	-1	beta-lactamase
frdD	b4151	4379006	4379366	-1	fumarate reductase membrane protein FrdD
frdC	b4152	4379376	4379772	-1	fumarate reductase membrane protein FrdC
frdB	b4153	4379782	4380517	-1	fumarate reductase [Fe-S] protein
frdA	b4154	4380509	4382318	-1	fumarate reductase flavoprotein subunit
epmA	b4155	4382642	4383620	1	EF-P-lysine lysyltransferase
yjeM	b4156	4383838	4385341	1	putative transporter YjeM
yjeN	b4157	4385392	4385707	1	uncharacterized protein YjeN
yjeO	b4158	4385703	4386018	1	DUF2645 domain-containing inner membrane protein YjeO
mscM	b4159	4386046	4389370	-1	miniconductance mechanosensitive channel MscM
psd	b4160	4389391	4390360	-1	phosphatidylserine decarboxylase proenzyme
rsgA	b4161	4390456	4391509	-1	ribosome small subunit-dependent GTPase A
orn	b4162	4391603	4392149	1	oligoribonuclease
yjeV	b4670	4392891	4392945	1	uncharacterized protein YjeV
queG	b4166	4392927	4394067	-1	epoxyqueuosine reductase
nnr	b4167	4394065	4395613	1	NAD(P)HX epimerase/NAD(P)HX dehydratase
tsaE	b4168	4395584	4396046	1	N(6)-L-threonylcarbamoyladenine synthase, TsaE subunit
amiB	b4169	4396064	4397402	1	N-acetylmuramoyl-L-alanine amidase B
mutL	b4170	4397411	4399259	1	DNA mismatch repair protein MutL
miaA	b4171	4399251	4400202	1	tRNA dimethylallyltransferase
hfq	b4172	4400287	4400596	1	RNA-binding protein Hfq
hflX	b4173	4400671	4401952	1	ribosome rescue factor HflX
hflK	b4174	4402037	4403297	1	regulator of FtsH protease
hflC	b4175	4403299	4404304	1	regulator of FtsH protease
yjeT	b4176	4404385	4404583	1	DUF2065 domain-containing protein YjeT
purA	b4177	4404686	4405985	1	adenylosuccinate synthetase
nsrR	b4178	4406189	4406615	1	DNA-binding transcriptional regulator NsrR
rnr	b4179	4406653	4409095	1	RNase R
rlmB	b4180	4409274	4410006	1	23S rRNA 2'-O-ribose G2251 methyltransferase
yjfI	b4181	4410132	4410534	1	DUF2170 domain-containing protein YjfI
yjfJ	b4182	4410552	4411251	1	PspA family protein YjfJ
yjfK	b4183	4411301	4411961	1	DUF2491 domain-containing protein YjfK
yjfL	b4184	4411978	4412377	1	DUF350 domain-containing inner membrane protein YjfL
yjfM	b4185	4412386	4413025	1	DUF1190 domain-containing protein YjfM
yjfC	b4186	4413027	4414191	1	peptide--spermidine ligase YjfC
aidB	b4187	4414274	4415900	1	isovaleryl-CoA dehydrogenase and DNA-binding transcriptional repressor
yjfN	b4188	4416016	4416292	-1	protease activator YjfN
bsmA	b4189	4416440	4416770	-1	DUF1471 domain-containing putative lipoprotein BsmA
yjfP	b4190	4416951	4417701	1	carboxylesterase
ulaR	b4191	4417697	4418453	-1	DNA-binding transcriptional repressor UlaR
ulaG	b4192	4418560	4419625	-1	L-ascorbate-6-phosphate lactonase
ulaA	b4193	4419979	4421377	1	L-ascorbate specific PTS enzyme IIC component
ulaB	b4194	4421392	4421698	1	L-ascorbate specific PTS enzyme IIB component
ulaC	b4195	4421707	4422172	1	L-ascorbate specific PTS enzyme IIA component
ulaD	b4196	4422185	4422836	1	3-keto-L-gulonate-6-phosphate decarboxylase UlaD
ulaE	b4197	4422845	4423700	1	L-ribulose-5-phosphate 3-epimerase UlaE
ulaF	b4198	4423699	4424386	1	L-ribulose-5-phosphate 4-epimerase UlaF
yjfY	b4199	4424515	4424791	-1	DUF1471 domain-containing protein YjfY
rpsF	b4200	4425117	4425513	1	30S ribosomal subunit protein S6
priB	b4201	4425519	4425834	1	primosomal replication protein N
rpsR	b4202	4425838	4426066	1	30S ribosomal subunit protein S18
rplI	b4203	4426107	4426557	1	50S ribosomal subunit protein L9
yjfZ	b4204	4426627	4427422	-1	DUF2686 domain-containing protein YjfZ
ytfB	b4206	4428078	4428717	-1	cell division protein YtfB
fklB	b4207	4428934	4429555	1	peptidyl-prolyl cis-trans isomerase FklB
cycA	b4208	4429863	4431276	1	D-serine/alanine/glycine:H(+)symporter
ytfE	b4209	4431320	4431983	-1	[Fe-S] cluster repair protein YtfE
ytfF	b4210	4432090	4433056	-1	inner membrane protein YtfF
qorB	b4211	4433163	4434024	-1	NAD(P)H:quinone oxidoreductase
ytfH	b4212	4434112	4434493	1	putative transcriptional regulator YtfH
cpdB	b4213	4434621	4436565	-1	2',3'-cyclic-nucleotide 2'-phosphodiesterase/3'-nucleotidase
cysQ	b4214	4436754	4437495	1	3'(2'),5'-bisphosphate nucleotidase
ytfI	b4215	4437706	4438645	1	protein YtfI
ytfJ	b4216	4438707	4439262	-1	PF09695 family protein YtfJ
ytfK	b4217	4439586	4439793	1	stringent response modulator YtfK
paeA	b4218	4439871	4441215	-1	putative cadaverine/putrescine exporter
msrA	b4219	4441537	4442176	-1	methionine sulfoxide reductase A
tamA	b4220	4442381	4444115	1	translocation and assembly module subunit TamA
tamB	b4221	4444111	4447891	1	translocation and assembly module subunit TamB
ytfP	b4222	4447893	4448235	1	gamma-glutamylamine cyclotransferase family protein YtfP
chpS	b4224	4448446	4448698	1	ChpS antitoxin of the ChpB-ChpS toxin-antitoxin system
chpB	b4225	4448691	4449042	1	endoribonuclease toxin ChpB
ppa	b4226	4449121	4449652	-1	inorganic pyrophosphatase
ytfQ	b4227	4449961	4450918	1	galactofuranose ABC transporter periplasmic binding protein
ytfR	b4485	4451057	4452560	1	galactofuranose ABC transporter putative ATP binding subunit
ytfT	b4230	4452570	4453596	1	galactofuranose ABC transporter putative membrane subunit YtfT
yjfF	b4231	4453582	4454578	1	galactofuranose ABC transporter putative membrane subunit YjtF
fbp	b4232	4454610	4455609	-1	fructose-1,6-bisphosphatase 1
mpl	b4233	4455784	4457158	1	UDP-N-acetylmuramate--L-alanyl-gamma-D-glutamyl- meso-2,6-diaminoheptanedioate ligase
yjgA	b4234	4457313	4457865	-1	putative ribosome biogenesis factor YjgA
tldE	b4235	4457958	4459311	1	metalloprotease subunit TldE
nrdG	b4237	4459899	4460364	-1	anaerobic ribonucleoside-triphosphate reductase activating protein
nrdD	b4238	4460521	4462660	-1	anaerobic ribonucleoside-triphosphate reductase
treC	b4239	4463053	4464709	-1	trehalose-6-phosphate hydrolase
treB	b4240	4464758	4466180	-1	trehalose-specific PTS enzyme IIBC component
treR	b4241	4466298	4467246	-1	DNA-binding transcriptional repressor TreR
mgtL	b4702	4467430	4467484	1	leader peptide MgtL
mgtA	b4242	4467624	4470321	1	Mg(2(+)) importing P-type ATPase
ridA	b4243	4470526	4470913	-1	enamine/imine deaminase, redox-regulated chaperone
pyrI	b4244	4470985	4471447	-1	aspartate carbamoyltransferase, PyrI subunit
pyrB	b4245	4471459	4472395	-1	aspartate carbamoyltransferase catalytic subunit
pyrL	b4246	4472398	4472533	-1	pyrBI operon leader peptide
yjgH	b4248	4472813	4473209	-1	RutC family protein YjgH
bdcA	b4249	4473339	4474053	-1	c-di-GMP-binding biofilm dispersal mediator protein
bdcR	b4251	4474123	4474717	1	putative transcriptional regulator BdcR
tabA	b4252	4474861	4475314	1	DUF386 domain-containing toxin-antitoxin biofilm protein TabA
yjgL	b4253	4475436	4477251	1	protein YjgL
argI	b4254	4477306	4478311	-1	ornithine carbamoyltransferase ArgI
rraB	b4255	4478472	4478889	1	ribonuclease E inhibitor protein B
yjgM	b4256	4479033	4479537	-1	putative N-acetyltransferase YjgM
yjgN	b4257	4479729	4480926	1	inner membrane protein YjgN
valS	b4258	4480981	4483837	-1	valine--tRNA ligase
holC	b4259	4483836	4484280	-1	DNA polymerase III subunit chi
pepA	b4260	4484439	4485951	-1	aminopeptidase A/I
ytgB	b4822	4486042	4486099	1	protein YtgB
ytgA	b4800	4486104	4486155	1	protein YtgA
lptF	b4261	4486217	4487318	1	lipopolysaccharide transport system protein LptF
lptG	b4262	4487317	4488400	1	lipopolysaccharide transport system protein LptG
yjgR	b4263	4488560	4490063	-1	DUF853 domain-containing protein YjgR
idnR	b4264	4490140	4491139	-1	DNA-binding transcriptional dual regulator IdnR
idnT	b4265	4491205	4492525	-1	L-idonate/5-ketogluconate/gluconate transporter
idnO	b4266	4492586	4493351	-1	5-keto-D-gluconate 5-reductase
idnD	b4267	4493374	4494406	-1	L-idonate 5-dehydrogenase
idnK	b4268	4494622	4495186	1	D-gluconate kinase, thermosensitive
ahr	b4269	4495189	4496209	-1	NADPH-dependent aldehyde reductase Ahr
insC6	b4272	4498271	4498637	1	IS2 insertion element repressor InsA
insD6	b4273	4498594	4499500	1	IS2 insertion element protein InsB
yjgZ	b4277	4501259	4501589	1	uncharacterized protein YjgZ
insG	b4278	4502102	4503431	-1	IS4 putative transposase
nanX	b4279	4504057	4505275	1	2,7-anhydro-N-acetylneuraminate transporter NanX
nanY	b4280	4505286	4506405	1	2,7-anhydro-N-acetylneuraminate hydratase
ythA	b4655	4506447	4506573	1	uncharacterized protein YthA
insO	b4623	4507196	4509793	1	KpLE2 phage-like element; IS911B regulator fragment
insI3	b4284	4507465	4508617	-1	IS30 transposase
fecE	b4287	4510689	4511457	-1	ferric citrate ABC transporter ATP binding subunit
fecD	b4288	4511457	4512414	-1	ferric citrate ABC transporter membrane subunit FecD
fecC	b4289	4512410	4513409	-1	ferric citrate ABC transporter membrane subunit FecC
fecB	b4290	4513405	4514308	-1	ferric citrate ABC transporter periplasmic binding protein
fecA	b4291	4514352	4516677	-1	ferric citrate outer membrane transporter
fecR	b4292	4516763	4517717	-1	ferric citrate regulator FecR
fecI	b4293	4517713	4518235	-1	RNA polymerase sigma factor FecI
ykiE	b4801	4518371	4518440	1	protein YkiE
insA7	b4294	4518526	4518802	1	IS1 repressor protein InsA
yjhU	b4295	4519337	4520324	-1	putative DNA-binding transcriptional regulator YjhU
yjhF	b4296	4520670	4522020	-1	putative transporter YjhF
yjhG	b4297	4522126	4524094	-1	D-xylonate dehydratase
yjhH	b4298	4524104	4525010	-1	putative 2-dehydro-3-deoxy-D-pentonate aldolase
yjhI	b4299	4525014	4525803	-1	putative DNA-binding transcriptional regulator YjhI
sgcR	b4300	4526105	4526888	-1	putative DNA-binding transcriptional regulator SgcR
sgcE	b4301	4526904	4527537	-1	putative epimerase SgcE
sgcA	b4302	4527548	4527980	-1	putative PTS enzyme IIA component SgcA
sgcQ	b4303	4528110	4528917	-1	putative nucleoside triphosphatase
sgcC	b4304	4528929	4530243	-1	putative PTS enzyme IIC component SgcC
sgcB	b4565	4530254	4530533	-1	putative PTS enzyme IIB component SgcB
sgcX	b4305	4530529	4531651	-1	putative endoglucanase with Zn-dependent exopeptidase domain
yjhP	b4306	4532436	4533183	-1	putative methyltransferase YjhP
yjhQ	b4307	4533238	4533784	-1	putative acetyltransferase TopAI antitoxin YjhQ
topAI	b4566	4533795	4534053	-1	toxin of the TopAI-YjhQ toxin-antitoxin system, TopA inhibitor
ythB	b4802	4536596	4536695	1	protein YthB
nanS	b4309	4536613	4537594	-1	N-acetyl-9-O-acetylneuraminate esterase
nanM	b4310	4537658	4538765	-1	N-acetylneuraminate mutarotase
nanC	b4311	4538784	4539501	-1	N-acetylneuraminate outer membrane channel
fimB	b4312	4540956	4541559	1	Type 1 fimbriae regulatory protein FimB
fimE	b4313	4542036	4542633	1	regulator for fimA
fimA	b4314	4543114	4543663	1	type 1 fimbriae major subunit
fimI	b4315	4543727	4544267	1	putative fimbrial protein FimI
fimC	b4316	4544303	4545029	1	type 1 fimbriae periplasmic chaperone
fimD	b4317	4545095	4547732	1	type I fimbriae usher protein
fimF	b4318	4547741	4548272	1	type 1 fimbriae minor subunit FimF
fimG	b4319	4548284	4548788	1	type 1 fimbriae minor subunit FimG
fimH	b4320	4548807	4549710	1	type 1 fimbriae D-mannose specific adhesin
gntP	b4321	4549952	4551296	-1	fructuronate transporter
uxuA	b4322	4551635	4552820	1	D-mannonate dehydratase
uxuB	b4323	4552900	4554361	1	D-mannonate oxidoreductase
uxuR	b4324	4554575	4555349	1	DNA-binding transcriptional repressor UxuR
yjiC	b4325	4555489	4556320	-1	DUF2686 domain-containing protein YjiC
ytiC	b4720	4556573	4556675	1	protein YtiC
ytiD	b4721	4556653	4556797	1	protein YtiD
idlP	b4722	4556912	4556996	1	iraD leader peptide
iraD	b4326	4556992	4557385	1	anti-adaptor protein IraD
hypT	b4327	4557377	4558289	-1	DNA-binding transcriptional dual regulator HypT
iadA	b4328	4558353	4559526	-1	isoaspartyl dipeptidase
yjiG	b4329	4559538	4560000	-1	Gate family protein YjiG
yjiH	b4330	4559996	4560680	-1	uncharacterized protein YjiH
kptA	b4331	4560929	4561484	1	RNA 2'-phosphotransferase
yjiJ	b4332	4561496	4562675	-1	putative transporter YjiJ
yjiK	b4333	4562742	4563603	-1	PF06977 family protein YjiK
ytiA	b4715	4563667	4563925	-1	uncharacterized protein YtiA
yjiL	b4334	4563921	4564689	-1	putative ATPase, activator of (R)-hydroxyglutaryl-CoA dehdratase
yjiM	b4335	4564698	4565850	-1	putative dehydratase subunit
yjiN	b4336	4565965	4567246	-1	DUF445 domain-containing protein YjiN
mdtM	b4337	4567286	4568519	-1	multidrug efflux pump/bile salt:H(+) antiporter/Na(+):H(+) antiporter/K(+):H(+) antiporter
ytiE	b4823	4568691	4568727	-1	protein YtiE
yjiR	b4340	4570161	4571574	-1	fused putative DNA-binding transcriptional regulator/putative aminotransferase YjiR
yjiS	b4341	4571750	4571915	1	DUF1127 domain-containing protein YjiS
yjiT	b4342	4572413	4573931	1	putative uncharacterized protein YjiT
mcrC	b4345	4576911	4577958	-1	Type IV methyl-directed restriction enzyme EcoKMcrBC subunit
mcrB	b4346	4577957	4579337	-1	5-methylcytosine-specific restriction enzyme subunit McrB
mcrB	b4346	4577957	4578854	-1	mcrB-S
symE	b4347	4579498	4579840	-1	nucleoid-associated protein SymE
hsdS	b4348	4580067	4581462	-1	type I restriction enzyme EcoKI specificity subunit
hsdM	b4349	4581458	4583048	-1	type I restriction enzyme EcoKI methylase subunit
hsdR	b4350	4583248	4586761	-1	type I restriction enzyme EcoKI endonuclease subunit
mrr	b4351	4586948	4587863	1	Type IV methyl-directed restriction enzyme EcoKMrr
yjiA	b4352	4587908	4588865	-1	P-loop guanosine triphosphatase YjiA
yjiX	b4353	4588875	4589079	-1	PF04328 family protein YjiX
btsT	b4354	4589128	4591279	-1	pyruvate:H(+) symporter
tsr	b4355	4591656	4593312	1	methyl-accepting chemotaxis protein Tsr
lgoT	b4356	4593360	4594722	-1	galactonate:H(+) symporter
lgoR	b4357	4594936	4595851	-1	putative DNA-binding transcriptional regulator LgoR
lgoD	b4358	4595989	4597012	1	L-galactonate oxidoreductase
opgB	b4359	4597149	4599441	-1	phosphoglycerol transferase I
yjjA	b4360	4599694	4600189	-1	DUF2501 domain-containing protein YjjA
dnaC	b4361	4600237	4600975	-1	DNA replication protein DnaC
dnaT	b4362	4600977	4601517	-1	primosomal protein DnaT
yjjB	b4363	4601623	4602097	-1	putative succinate exporter YjjB
yjjP	b4364	4602087	4602858	-1	putative succinate exporter YjjP
yjjQ	b4365	4603476	4604202	1	DNA-binding transcriptional repressor YjjQ
bglJ	b4366	4604159	4604837	1	DNA-binding transcriptional regulator BglJ
fhuF	b4367	4604874	4605663	-1	ferric-siderophore reductase FhuF
yjjZ	b4567	4605803	4606040	1	DUF1435 domain-containing protein YjjZ
rsmC	b4371	4606668	4607700	-1	16S rRNA m(2)G1207 methyltransferase
holD	b4372	4607802	4608216	1	DNA polymerase III subunit psi
rimI	b4373	4608184	4608631	1	protein N-acetyltransferase RimI
yjjG	b4374	4608645	4609323	1	pyrimidine 5'-nucleotidase YjjG
prfC	b4375	4609413	4611003	1	peptide chain release factor RF3
osmY	b4376	4611395	4612001	1	osmotically inducible protein Y
ytjA	b4568	4612127	4612289	1	DUF1328 domain-containing protein YtjA
yjjU	b4377	4612410	4613484	1	putative patatin-like phospholipase YjjU
yjjV	b4378	4613480	4614260	1	putative metal-dependent hydrolase YjjV
yjjW	b4379	4614679	4615543	-1	putative glycyl-radical enzyme activating enzyme YjjW
yjjI	b4380	4615514	4617065	-1	DUF3029 domain-containing protein YjjI
deoC	b4381	4617322	4618102	1	deoxyribose-phosphate aldolase
deoA	b4382	4618228	4619551	1	thymidine phosphorylase
deoB	b4383	4619602	4620826	1	phosphopentomutase
deoD	b4384	4620882	4621602	1	purine nucleoside phosphorylase
hipH	b4385	4621768	4623100	1	serine/threonine-protein kinase toxin HipH
lplA	b4386	4623100	4624117	-1	lipoate--protein ligase A
ytjB	b4387	4624144	4624789	-1	putative inner membrane protein Smp
serB	b4388	4624894	4625863	1	phosphoserine phosphatase
radA	b4389	4625911	4627294	1	DNA recombination protein
nadR	b4390	4627314	4628547	1	DNA-binding transcriptional repressor/NMN adenylyltransferase NadR
ettA	b4391	4628854	4630522	-1	energy-dependent translational throttle protein EttA
slt	b4392	4630732	4632670	1	soluble lytic murein transglycosylase
trpR	b4393	4632759	4633086	1	DNA-binding transcriptional repressor TrpR
yjjX	b4394	4633232	4633745	-1	inosine/xanthosine triphosphatase
ytjC	b4395	4633796	4634444	1	putative phosphatase
rob	b4396	4634440	4635310	-1	DNA-binding transcriptional dual regulator Rob
creA	b4397	4635520	4635994	1	PF05981 family protein CreA
creB	b4398	4636006	4636696	1	DNA-binding transcriptional regulator CreB
creC	b4399	4636695	4638120	1	sensory histidine kinase CreC
creD	b4400	4638177	4639530	1	putative inner membrane protein CreD
arcA	b4401	4639589	4640306	-1	DNA-binding transcriptional dual regulator ArcA
yjjY	b4402	4640401	4640542	1	uncharacterized protein YjjY
ytjE	b4824	4640717	4640771	1	protein YtjE
yjtD	b4403	4640941	4641628	1	putative tRNA/rRNA methyltransferase YjtD
